,City,Country,Max Temp,Current Description,Lat,Lng,Hotel Name
0,Rikitea,PF,20.54,few clouds,-23.1203,-134.9692,People ThankYou
1,Lebu,CL,11.17,overcast clouds,-37.6167,-73.65,Hostal Las Lilas
2,Salalah,OM,25.25,overcast clouds,17.0151,54.0924,"HAMDAN PLAZA HOTEL SALALAH, an HTG Hotel"
3,Longyearbyen,SJ,3.91,few clouds,78.2186,15.6401,"Radisson Blu Polar Hotel, Spitsbergen"
4,Nikolskoye,RU,8.94,overcast clouds,59.7035,30.7861,Tourist House - Sablino
5,Kahului,US,31.01,scattered clouds,20.8947,-156.47,Maui Seaside Hotel
6,Bluff,NZ,6.56,overcast clouds,-46.6,168.3333,Bluff Homestead - Guesthouse & Campervan Park
7,Bathsheba,BB,27.34,broken clouds,13.2167,-59.5167,Atlantis Hotel
8,Sarauli,IN,22.44,broken clouds,28.5,79.1,Dr.Zakir Khan
9,Punta Arenas,CL,9.06,light rain,-53.15,-70.9167,Hotel Hain
10,Ostrovnoy,RU,8.61,overcast clouds,68.0531,39.5131,
11,Souillac,MU,22.21,broken clouds,-20.5167,57.5167,Shanti Maurice Resort & Spa
12,Musoma,TZ,20.01,few clouds,-1.5,33.8,New Peninsula Hotel
13,Mantua,IT,15.61,scattered clouds,45.1667,10.7833,Hotel la Favorita
14,Busselton,AU,13.34,few clouds,-33.65,115.3333,Observatory Guest House
15,Hermanus,ZA,8.78,clear sky,-34.4187,19.2345,Misty Waves Boutique Hotel
16,Kavieng,PG,29.28,light rain,-2.5744,150.7967,Nusa Island Retreat
17,New Norfolk,AU,12.73,overcast clouds,-42.7826,147.0587,The Shingles Riverside Cottages
18,Atuona,PF,25.34,clear sky,-9.8,-139.0333,Villa Enata
20,Cape Town,ZA,16.32,clear sky,-33.9258,18.4232,"Radisson Blu Hotel Waterfront, Cape Town"
21,Hofn,IS,5.81,clear sky,64.2539,-15.2082,H√≥tel H√∂fn
22,Hobart,AU,12.92,broken clouds,-42.8794,147.3294,St Ives Hobart Accommodation Tasmania
23,Albany,US,13.09,broken clouds,42.6001,-73.9662,
24,Nanortalik,GL,3.05,broken clouds,60.1432,-45.2371,Hotel Kap Farvel
25,Hithadhoo,MV,27.85,overcast clouds,-0.6,73.0833,Scoop Guest House
26,Ushuaia,AR,7.81,scattered clouds,-54.8,-68.3,Albatross Hotel
27,Katsuura,JP,15.01,overcast clouds,35.1333,140.3,Katsuura Hotel Mikazuki
28,Westport,US,16.36,light rain,41.1415,-73.3579,The Westport Inn
29,Flinders,AU,16.32,overcast clouds,-34.5833,150.8552,Shellharbour Resort & Conference Centre
31,Tigil,RU,2.85,light rain,57.8,158.6667,Tigil'
32,Bethel,US,15.66,overcast clouds,41.3712,-73.414,Courtyard by Marriott Danbury
33,Kapaa,US,28.99,few clouds,22.0752,-159.319,Sheraton Kauai Coconut Beach Resort
34,Arraial Do Cabo,BR,20.81,broken clouds,-22.9661,-42.0278,Pousada Porto Praia
35,Sinnamary,GF,26.56,clear sky,5.3833,-52.95,ALETHEIA Appartement Sinnamary
36,Asau,RO,7.51,overcast clouds,46.4333,26.4,Casa Mika Ciobanus
37,Kholm,RU,7.09,broken clouds,59.2667,32.85,
38,Kefamenanu,ID,26.47,overcast clouds,-9.4467,124.4781,Sokowindo Losmen
39,Fortuna,US,18.29,few clouds,40.5982,-124.1573,Super 8 by Wyndham Fortuna
40,Norman Wells,CA,9.02,broken clouds,65.282,-126.8329,Heritage Hotel
41,Hasaki,JP,15.22,light rain,35.7333,140.8333,Inubosaki Kanko Hotel
42,Spencer,US,18.62,broken clouds,43.1414,-95.1444,Reston Inn & Suites
44,Kaitangata,NZ,4.54,overcast clouds,-46.2817,169.8464,Kaitangata Motor Camp
46,North Bend,US,25.13,few clouds,43.4065,-124.2243,Red Lion Hotel Coos Bay
47,Kashary,RU,8.58,scattered clouds,49.04,41.0056,–ì–æ—Å—Ç–∏–Ω–∏—Ü–∞ N 1
48,Juneau,US,12.28,overcast clouds,58.3019,-134.4197,"Baranof Downtown, BW Signature Collection"
49,Quatre Cocos,MU,19.49,broken clouds,-20.2078,57.7625,Sunrise Attitude Hotel
50,Butaritari,KI,27.83,few clouds,3.0707,172.7902,Isles Sunset Lodge
51,Hilo,US,27.93,overcast clouds,19.7297,-155.09,Hilo Hawaiian Hotel
52,Tocopilla,CL,17.09,few clouds,-22.092,-70.1979,Hotel Galvarino
53,Zabid,YE,30.58,broken clouds,14.1951,43.3152,ŸÖÿ∫ÿ±ÿ® ÿßŸÑÿ™ÿ±Ÿäÿ®Ÿá
54,Yar-Sale,RU,0.35,scattered clouds,66.8333,70.8333,Yalemd
55,Antalaha,MG,19.42,clear sky,-14.9003,50.2788,Hotel Vitasoa
56,Pinawa,CA,9.93,broken clouds,50.1489,-95.8811,Pinawa Motel
57,Palmer,US,14.87,light rain,42.1584,-72.3287,Wedgewood Motel
58,High Level,CA,11.06,smoke,58.5169,-117.136,Days Inn by Wyndham High Level
59,Mataura,NZ,6.38,light rain,-46.1927,168.8643,Ellie's Villa
60,Olafsvik,IS,6.9,overcast clouds,64.8945,-23.7142,Hotel Olafsvik
62,Kalmunai,LK,25.22,overcast clouds,7.4167,81.8167,VS Villa
63,Bengkulu,ID,23.84,overcast clouds,-3.8004,102.2655,Grage Hotel Bengkulu
64,Lorengau,PG,29.84,broken clouds,-2.0226,147.2712,Lorengau Harbourside Hotel
65,Liwale,TZ,19.26,scattered clouds,-9.7667,37.9333,Tumaini Tulivu Lodge
67,Saint Anthony,US,20.52,broken clouds,45.0205,-93.218,Holiday Inn Express Roseville-St. Paul
68,Pimentel,PE,16.35,scattered clouds,-6.8367,-79.9342,Hotel Puerto del Sol
69,Husavik,IS,2.68,overcast clouds,66.0449,-17.3389,Bjarnab√∫√∞
70,Esperance,AU,9.91,broken clouds,-33.8667,121.9,Hospitality Esperance
71,Port Hardy,CA,19.1,scattered clouds,50.6996,-127.4199,Airport Inn-Port Hardy
72,Saint-Philippe,RE,19.77,scattered clouds,-21.3585,55.7679,Le four √† pain
73,Solnechnyy,RU,2.55,clear sky,50.7214,136.6319,Hotel complex Pastoral
75,Qixingtai,CN,9.56,overcast clouds,30.4135,111.8874,Hualian Hotel
76,Provideniya,RU,4.09,light shower sleet,64.3833,-173.3,
77,Witu,KE,24.09,light rain,-2.3889,40.4382,
79,Puerto Ayora,EC,19.75,broken clouds,-0.7393,-90.3518,Finch Bay Galapagos Hotel
81,Kodiak,US,12.73,heavy intensity rain,57.79,-152.4072,Best Western Kodiak Inn
82,Mar Del Plata,AR,16.16,clear sky,-38.0023,-57.5575,Gran Hotel Mar del Plata
83,Tura,IN,22.08,overcast clouds,25.5198,90.2201,Hotel RIKMAN Continental
84,Santo Domingo,DO,26.69,overcast clouds,18.5001,-69.9886,Caba√±as City Heart
85,Sao Joao Da Barra,BR,21.63,broken clouds,-21.6403,-41.0511,Pousada Porto De Canoas
86,Cabo San Lucas,MX,30.66,clear sky,22.8909,-109.9124,Hotel Tesoro Los Cabos
87,Hovd,MN,3.16,broken clouds,48.0056,91.6419,Hotel Buyant
88,Tuktoyaktuk,CA,1.59,light snow,69.4541,-133.0374,End of The Road Ltd.
90,Mandurah,AU,13.52,broken clouds,-32.55,115.7,Atrium Hotel Mandurah
91,Grand Gaube,MU,19.65,broken clouds,-20.0064,57.6608,Veranda Paul et Virginie Hotel & Spa
92,Waitati,NZ,3.34,overcast clouds,-45.75,170.5667,Arden Country House BnB Dunedin
93,Roma,US,13.82,clear sky,43.2128,-75.4557,Wingate By Wyndham Rome
95,San Antonio,US,30.34,few clouds,29.4241,-98.4936,Drury Plaza Hotel San Antonio Riverwalk
96,Yellowknife,CA,2.29,broken clouds,62.456,-114.3525,The Explorer Hotel
97,Avera,US,18.73,clear sky,33.194,-82.5271,
98,Bubaque,GW,27.58,light rain,11.2833,-15.8333,"Casa Dora, Bubaque"
99,Beloha,MG,19.52,clear sky,-25.1667,45.05,
100,Simao,CN,18.59,broken clouds,22.7886,100.9748,Changyu Hotel
101,Rocha,UY,12.5,broken clouds,-34.4833,-54.3333,Hotel Arrarte
102,Severo-Kurilsk,RU,7.47,broken clouds,50.6789,156.125,Kak Doma
103,Bossangoa,CF,20.85,light rain,6.4926,17.4552,Hotel du tourisme
104,Williston,US,18.51,overcast clouds,48.147,-103.618,Hampton Inn & Suites Williston
106,Cedar City,US,21.89,scattered clouds,37.6775,-113.0619,Hampton Inn Cedar City
107,Goundam,ML,35.4,broken clouds,16.4145,-3.6708,
108,Vaini,TO,24.51,moderate rain,-21.2,-175.2,Keleti Beach Resort
109,Ribeira Grande,PT,21.31,light rain,38.5167,-28.7,Quinta da Meia Eira
110,Frontera,MX,26.29,broken clouds,26.9333,-101.45,Fiesta Inn Monclova
111,Jamestown,US,13.9,clear sky,42.097,-79.2353,Hampton Inn & Suites Jamestown
112,Sao Filipe,CV,26.16,broken clouds,14.8961,-24.4956,Hotel Xaguate
113,La Rochelle,FR,16.04,clear sky,46.1667,-1.15,Hotel Henri IV
114,Port Antonio,JM,26.67,scattered clouds,18.18,-76.4612,The Trident Hotel
116,Barrow,US,2.01,overcast clouds,71.2906,-156.7887,King Eider Inn
118,Iqaluit,CA,0.39,overcast clouds,63.7506,-68.5145,Frobisher Inn
119,Port Blair,IN,24.02,broken clouds,11.6667,92.75,"Welcomhotel By ITC Hotels, Bay Island, Port Blair"
120,Beidao,CN,9.87,moderate rain,34.5686,105.8933,Shell Tianshui Maiji District Erma Road Walking Street Hotel
121,Ternate,ID,27.89,overcast clouds,0.8,127.4,Sahid Bela Ternate Hotel
122,Goderich,CA,16.62,broken clouds,43.7501,-81.7165,Harmony Inn
123,Yanggu,CN,9.99,light rain,36.1106,115.7753,Supply And Marketing Hotel
125,Lompoc,US,31.12,scattered clouds,34.6391,-120.4579,"Holiday Inn Express Lompoc, an IHG Hotel"
126,Yuci,CN,6.86,mist,37.6803,112.7319,Thank Inn Plus Hotel Shanxi Jinzhong Yuci District Yingbin West Street Yinhaixinyue
127,Grindavik,IS,5.26,broken clouds,63.8424,-22.4338,Northern Light Inn & Max's Restaurant
128,Saint George,US,31.64,clear sky,37.1041,-113.5841,Best Western Plus Abbey Inn
129,Concepcion,CL,10.62,broken clouds,-36.827,-73.0498,Hotel El Araucano
130,Barabinsk,RU,6.88,overcast clouds,55.3571,78.357,Gostinichnyy Kompleks Noy
131,Ixtapa,MX,26.89,scattered clouds,20.7,-105.2,hotel la terminal
132,Thompson,CA,0.09,broken clouds,55.7435,-97.8558,Burntwood Hotel
133,Pangkalanbuun,ID,25.74,overcast clouds,-2.6833,111.6167,Grand Kecubung Hotel
134,Narsaq,GL,3.12,overcast clouds,60.9167,-46.05,Sleep In Narsaq
135,Linhares,BR,22.8,broken clouds,-19.3911,-40.0722,Hotel Concei√ß√£o
137,Georgetown,MY,25.5,few clouds,5.4112,100.3354,Cititel Penang
138,Harbour Breton,CA,11.27,scattered clouds,47.4833,-55.7983,Southern Port Hotel
139,Zihuatanejo,MX,27.84,scattered clouds,17.6333,-101.55,La Casa Que Canta
140,Beringovskiy,RU,8.33,overcast clouds,63.05,179.3167,
141,Nishiwaki,JP,16.75,overcast clouds,34.9833,134.9667,Nishiwaki Royal Hotel
142,Tahe,CN,0.38,scattered clouds,52.3333,124.7333,Â°îÊ≤≥ÂÆæÈ¶Ü
143,Tadine,NC,23.93,overcast clouds,-21.55,167.8833,
144,Castro,BR,16.53,light rain,-24.7911,-50.0119,CHACARA BAILLY
145,Hami,CN,10.29,clear sky,42.8,93.45,Laoyutang Resort
146,Altamont,US,29.32,clear sky,42.2068,-121.7372,Microtel Inn & Suites by Wyndham Klamath Falls
147,General Roca,AR,18.58,few clouds,-39.0333,-67.5833,Hotel El Recreo
148,Kenora,CA,13.21,overcast clouds,49.8167,-94.4337,Maynard Lake Lodge
149,Coffs Harbour,AU,18.98,overcast clouds,-30.3,153.1333,Aquajet Motel
150,Atessa,IT,16.4,overcast clouds,42.0693,14.4511,Hotel Ristorante Al Duca
151,Balkhash,KZ,7.16,clear sky,46.844,74.9804,Family
152,Ingham,US,17.66,clear sky,42.6,-84.3833,Sunset Mobile Home Park
153,Takoradi,GH,23.98,few clouds,4.8845,-1.7554,Raybow International Hotel
154,Chuy,UY,14.59,overcast clouds,-33.6971,-53.4616,Nuevo Hotel Plaza
155,Haines Junction,CA,10.9,overcast clouds,60.7522,-137.5108,Parkside Inn
156,Alofi,NU,25.16,overcast clouds,-19.0595,-169.9187,Taloa Heights
157,Avarua,CK,26.03,scattered clouds,-21.2078,-159.775,Paradise Inn
158,Ballina,AU,18.02,overcast clouds,-28.8667,153.5667,Ramada Hotel & Suites by Wyndham Ballina Byron
159,Naze,JP,24.3,scattered clouds,28.3667,129.4833,Shishime Hotel
162,Bodden Town,KY,28.33,overcast clouds,19.2833,-81.25,Will T Place
163,Aquiraz,BR,26.77,few clouds,-3.9014,-38.3911,Pousada Rua Camurupim
164,Espanola,US,14.42,overcast clouds,35.9911,-106.0806,Santa Claran Hotel Casino
166,Pedasi,PA,25.59,overcast clouds,7.5333,-80.0333,Hotel Casa de Campo Pedas√≠
167,Port Lincoln,AU,17.37,clear sky,-34.7333,135.8667,Port Lincoln Hotel
168,Honiara,SB,30.94,overcast clouds,-9.4333,159.95,Heritage Park Hotel
169,Lempaala,FI,13.21,overcast clouds,61.3167,23.75,Vaihmalan Hovi
170,Gamba,GA,24.01,overcast clouds,-2.65,10.0,
171,Port Alfred,ZA,17.21,overcast clouds,-33.5906,26.891,The Halyards Hotel
172,Nouadhibou,MR,26.91,scattered clouds,20.931,-17.0347,El Medina
173,Kourou,GF,27.03,few clouds,5.1552,-52.6478,Lodge TAKINI4 Guesthouse KOUROU FGU
174,Portland,US,25.55,few clouds,45.5234,-122.6762,Embassy Suites by Hilton Portland Downtown
175,Kununurra,AU,29.99,scattered clouds,-15.7667,128.7333,Hotel Kununurra
176,Faanui,PF,25.81,scattered clouds,-16.4833,-151.75,Bora-Bora Pearl Beach Resort & Spa
177,Damghan,IR,19.2,clear sky,36.1683,54.348,ÿÆŸàÿßÿ®⁄ØÿßŸá ÿßÿ≥ÿßÿ™ŸäÿØ ÿØÿßŸÜÿ¥⁄ØÿßŸá ÿØÿßŸÖÿ∫ÿßŸÜ
178,Alcains,PT,16.96,clear sky,39.9164,-7.4566,Casa do Balc√£o
180,Cidreira,BR,17.53,broken clouds,-30.1811,-50.2056,Hotel Castelo
181,Loucovice,CZ,13.58,overcast clouds,48.6202,14.2575,Rezidence Club Canada
182,Bima,ID,28.42,broken clouds,-8.4667,118.7167,Lambitu Hotel
183,Dargaville,NZ,11.7,overcast clouds,-35.9333,173.8833,Parkview Motel
184,Hirara,JP,26.82,scattered clouds,24.8,125.2833,Hotel Atoll Emerald Miyakojima
186,Biak,ID,27.05,light rain,-0.9131,122.8766,Penginapan Kim
187,Rio Grande,BR,18.06,broken clouds,-32.035,-52.0986,Hotel Atl√¢ntico Rio Grande
188,Bairiki,KI,27.78,broken clouds,1.3292,172.9752,Tarawa Boutique Hotel
189,Bredasdorp,ZA,9.92,clear sky,-34.5322,20.0403,Bredasdorp Country Manor
190,Samarai,PG,27.64,broken clouds,-10.6167,150.6667,Nuli Sapi
191,Mahebourg,MU,22.16,broken clouds,-20.4081,57.7,Shandrani Beachcomber Resort & Spa
192,Pisco,PE,17.03,clear sky,-13.7,-76.2167,Hotel San Isidro Oficial
193,Port Elizabeth,ZA,15.17,scattered clouds,-33.918,25.5701,39 On Nile Guest House
194,Carballo,ES,17.09,overcast clouds,43.213,-8.691,Pazo do Souto
195,Sao Jose Da Coroa Grande,BR,24.56,few clouds,-8.8978,-35.1478,Cr√¥a Mares Hotel
196,Kloulklubed,PW,29.28,overcast clouds,7.0419,134.2556,Storyboard Beach Resort
197,Port Hedland,AU,23.03,clear sky,-20.3167,118.5667,The Esplanade Hotel
199,Mogadishu,SO,25.06,broken clouds,2.0371,45.3438,Hotel Juba
200,Benjamin Constant,BR,27.11,broken clouds,-4.3831,-70.0311,CASA AVALIADA
201,Stratford-Upon-Avon,GB,10.68,clear sky,52.1917,-1.7073,DoubleTree by Hilton Stratford-upon-Avon
202,Casalpusterlengo,IT,16.96,scattered clouds,45.1769,9.6491,Corte Stella - R.T.A.
203,Barcelona,ES,21.41,scattered clouds,41.3888,2.159,Axel Hotel Barcelona
204,Batemans Bay,AU,14.5,light rain,-35.7167,150.1833,Batemans Bay Marina Resort
205,Zhuanghe,CN,9.2,overcast clouds,39.7008,122.9911,Hanting Express Dalian Zhuanghe Qiansheng
206,Poya,NC,25.55,overcast clouds,-21.35,165.15,
207,Namatanai,PG,29.29,light rain,-3.6667,152.4333,Seagulls Inn Namatani
210,Sorland,NO,8.92,light rain,67.667,12.6934,Sjybrygga fiskecamp
211,Lavrentiya,RU,3.72,light rain,65.5833,-171.0,
212,Vila Velha,BR,22.22,overcast clouds,-20.3297,-40.2925,Hotel Vit√≥ria Palace
213,Mezen,RU,7.02,overcast clouds,65.8522,44.24,Gostevoy Dom Everest
214,Marrakesh,MA,24.04,broken clouds,31.6315,-8.0083,Les Jardins de La Koutoubia
215,Pacific Grove,US,26.88,broken clouds,36.6177,-121.9166,Lovers Point Inn
216,Huilong,CN,17.18,moderate rain,31.8111,121.655,Hilton Garden Inn Qidong
217,La Ciotat,FR,21.01,clear sky,43.1748,5.6045,ibis La Ciotat
218,Fairview,US,15.34,clear sky,40.8126,-73.999,Homewood Suites by Hilton Edgewater-NYC Area
219,Vasto,IT,18.16,overcast clouds,42.1243,14.7059,Hotel President
221,Neepawa,CA,5.96,overcast clouds,50.2289,-99.4664,"Westway Inn Motel, Neepawa"
222,Bandarbeyla,SO,24.76,broken clouds,9.4942,50.8122,JABIR HOTEL
223,Lagos,NG,25.18,light rain,6.5833,3.75,
224,Afonso Claudio,BR,20.81,scattered clouds,-20.0742,-41.1239,Pousada Afonso Cl√°udio
225,Torbay,CA,11.82,clear sky,47.6666,-52.7314,Gallows Cove
226,Caxito,AO,23.99,broken clouds,-8.5785,13.6643,
227,Srikakulam,IN,25.84,overcast clouds,18.3,83.9,Micro Systems
229,Coquimbo,CL,12.83,few clouds,-29.9533,-71.3436,Hotel San Juan
230,Manggar,ID,26.98,broken clouds,-2.8833,108.2667,Guest Hotel
231,Waipawa,NZ,4.3,overcast clouds,-41.4122,175.5153,Tora Coastal Walk
232,The Valley,AI,27.83,scattered clouds,18.217,-63.0578,CeBlue Villas & Beach Resort
233,San Carlos De Bariloche,AR,5.57,overcast clouds,-41.1456,-71.3082,Hotel Patagonia
234,Gallup,US,16.91,clear sky,35.5281,-108.7426,Quality Inn & Suites Gallup I-40 Exit 20
235,Ekhabi,RU,2.42,overcast clouds,53.5102,142.9671,
236,Yuza,JP,14.18,overcast clouds,39.0,139.9167,Tsuruya
237,Vodnyy,RU,5.7,light rain,63.5046,53.4095,–ö–∞–º–µ–Ω–∫–∞
238,Lasa,IT,9.09,broken clouds,46.6166,10.7002,Pension Feldg√§rtenhof
239,Prado,BR,24.3,broken clouds,-17.3411,-39.2208,INN CORNER RIVER - PRADO - BAHIA - HOUSING AND HOTEL
240,Novichikha,RU,4.95,overcast clouds,52.204,81.3877,
241,Sekoma,BW,24.16,few clouds,-24.4,23.8833,
242,Kenai,US,13.35,light rain,60.5544,-151.2583,Aspen Extended Stay Suites
243,Vagamo,NO,4.21,scattered clouds,61.8751,9.0967,V√•g√• hotel
244,Yarada,IN,26.18,overcast clouds,17.65,83.2667,Yarada Jungle Beach Resorts
245,Savyntsi,UA,7.53,broken clouds,49.4026,37.0627,
246,Yumen,CN,4.93,clear sky,40.2833,97.2,
247,Broome,US,13.41,few clouds,42.2506,-75.833,Chenango Valley State Park
248,Mount Gambier,AU,14.95,overcast clouds,-37.8333,140.7667,The Commodore
249,Ponta Do Sol,PT,20.4,broken clouds,32.6667,-17.1,Hotel do Campo
250,Constitucion,CL,10.1,scattered clouds,-35.3333,-72.4167,Hotel Boutique Las Azucenas
251,Maldonado,UY,15.13,broken clouds,-34.6667,-54.9167,La Cimarrona
252,Victoria,HK,30.1,broken clouds,22.2855,114.1577,Mini Central
253,Itarema,BR,25.88,few clouds,-2.9248,-39.9167,"Sea Lounge! Bar, Club & Restaurant"
254,Inyonga,TZ,19.02,overcast clouds,-6.7167,32.0667,Eden Rock Lodge
255,San Felipe,VE,23.08,overcast clouds,10.3399,-68.7425,Posada Llovizna Rodr√≠guez
256,Birin,NP,15.16,overcast clouds,26.8865,88.0718,Sangam Hospitality
257,Abu Dhabi,AE,31.01,few clouds,24.4667,54.3667,Beach Rotana
258,Ust-Tsilma,RU,6.55,overcast clouds,65.441,52.1498,U Praskov'i
259,Belmonte,BR,23.59,clear sky,-15.8631,-38.8828,Pousada Monte Carmelo O P√£o
260,Severnyy,RU,8.02,clear sky,50.677,36.5532,Full House North Mini-Hotel
261,Ziniare,BF,25.55,broken clouds,12.5822,-1.2983,Privil√®ge Busines Center Ziniar√©
262,Byron Bay,AU,17.98,light rain,-28.65,153.6167,Backpackers Inn
263,San Quintin,MX,21.44,scattered clouds,30.4833,-115.95,Don Eddie's Sport Fishing Center
264,Belogorsk,RU,1.88,few clouds,50.9158,128.4611,Gostinitsa Vostok 2000
265,Geraldton,AU,14.23,scattered clouds,-28.7667,114.6,Broadwater Mariner Resort
266,San Cristobal,VE,20.06,overcast clouds,7.7669,-72.225,Pirineos
267,Emba,KZ,9.8,overcast clouds,48.8264,58.1442,
268,Charcas,MX,17.0,overcast clouds,23.1333,-101.1167,Hotel El Malacate
269,Svetlogorsk,BY,8.64,overcast clouds,52.6333,29.7333,Hotel Svetlogorsk JBIK
270,Cayenne,GF,26.02,few clouds,4.9333,-52.3333,H√¥tel Le Dronmi
271,Przhevalskoye,RU,8.4,overcast clouds,55.5093,31.8482,Next Camp
272,Isangel,VU,27.06,broken clouds,-19.55,169.2667,Tanna Lodge
273,Havre-Saint-Pierre,CA,9.89,broken clouds,50.2334,-63.5986,Auberge Niapiskau 2
274,Kieta,PG,28.63,light rain,-6.2167,155.6333,Uruna Bay Retreat
275,Cockburn Town,TC,28.6,broken clouds,21.4612,-71.1419,Osprey Beach Hotel
277,Conde,BR,23.6,clear sky,-7.2597,-34.9075,Pousada Beija Flor
278,Airai,TL,20.19,overcast clouds,-8.9266,125.4092,
279,Poum,NC,23.87,broken clouds,-20.2333,164.0167,
280,Huarmey,PE,16.53,clear sky,-10.0681,-78.1522,Hotel Miramar
281,Half Moon Bay,US,30.88,clear sky,37.4636,-122.4286,"The Ritz-Carlton, Half Moon Bay"
282,Hamilton,US,18.91,scattered clouds,39.1834,-84.5333,Six Acres Bed & Breakfast
283,Nhulunbuy,AU,31.34,few clouds,-12.2333,136.7667,East Arnhem Real Estate
284,Wewak,PG,27.89,overcast clouds,-3.5534,143.6268,In Wewak Boutique Hotel
286,Coahuayana,MX,27.48,scattered clouds,18.7333,-103.6833,El rranchito michuacan de ocampos
287,Jieshou,CN,9.6,overcast clouds,33.2634,115.3611,Vatica Jieshou City New Passenger Transport Center Hotel
289,Jasper,US,26.04,broken clouds,37.2001,-94.3502,Guest House Motel
290,West Wendover,US,23.56,clear sky,40.7391,-114.0733,"Motel 6 Wendover, UT"
292,San Patricio,US,28.08,scattered clouds,28.017,-97.5169,"Motel 6 Sinton, TX"
293,Talara,PE,18.42,clear sky,-4.5772,-81.2719,Hostal Oro Negro
294,Saint-Joseph,RE,19.21,scattered clouds,-21.3667,55.6167,"""Plantation Bed and Breakfast"
295,East London,ZA,18.15,overcast clouds,-33.0153,27.9116,Tu Casa
296,Sao Felix Do Xingu,BR,31.07,overcast clouds,-6.6447,-51.995,Rio Xingu Camping
297,Tres Picos,MX,27.49,broken clouds,15.8667,-93.5333,Tres picos Chiapas
298,Korla,CN,10.78,clear sky,41.7597,86.1469,Gulisitan Hotel
299,Chunoyar,RU,0.17,overcast clouds,57.4467,97.3217,
301,Kargil,IN,5.09,clear sky,34.5667,76.1,Hotel Caravan Sarai Kargil
302,Teknaf,BD,25.06,broken clouds,20.8624,92.3058,Forestry Guesthouse
303,Carnarvon,AU,17.21,few clouds,-24.8667,113.6333,Hospitality Carnarvon
304,General Bravo,MX,30.62,broken clouds,25.8,-99.1667,Hotel Don Joaquin
305,Semily,CZ,13.11,overcast clouds,50.6019,15.3355,Hotel Municipal House
306,Barentu,ER,24.0,broken clouds,15.1139,37.5928,
307,Saldanha,ZA,13.5,clear sky,-33.0117,17.9442,Blue Bay Lodge
308,Kendari,ID,26.26,overcast clouds,-3.945,122.4989,Hotel Wixel
309,Tukrah,LY,22.24,clear sky,32.5341,20.5791,Lagrota restaurant
310,Ranong,TH,25.49,light rain,9.9658,98.6348,Numsai Khaosuay Resort Ranong
311,Vesoul,FR,11.45,clear sky,47.5833,5.8333,Camping Municipal La Louvi√®re
312,Matara,LK,24.85,overcast clouds,5.9485,80.5353,Amaloh Boutique Resort
313,La Macarena,CO,25.18,overcast clouds,2.1837,-73.7849,Casa Hotel Real
314,Talcahuano,CL,11.82,broken clouds,-36.7167,-73.1167,departamento comodo
315,Kruisfontein,ZA,11.05,broken clouds,-34.0033,24.7314,Oyster Bay House Rental
316,Ozu,JP,20.46,light rain,33.5,132.55,HOTEL FOREST
317,West Bay,KY,29.04,broken clouds,19.3667,-81.4167,Calypso Cove
318,Thurso,GB,11.03,overcast clouds,58.5927,-3.5259,Weigh Inn Hotel
319,Swan Hill,AU,18.03,overcast clouds,-35.3378,143.5544,Lazy River Motor Inn
320,Radhanpur,IN,27.99,scattered clouds,23.8333,71.6,"HONEST - HOTEL (VIRAT HOTEL AND GUEST HOUSE, RADHANPUR))"
321,Thongwa,MM,26.09,broken clouds,16.7619,96.5278,Mhaw Wun Marlar Park
322,Klyuchi,RU,7.42,overcast clouds,52.2667,79.1667,Vesolaya Mayovka
323,Ouro Preto Do Oeste,BR,29.57,broken clouds,-10.7481,-62.2158,Gra√∫na Resort Hotel
324,Maraba,BR,30.22,broken clouds,-5.3686,-49.1178,Hotel Del Principe
325,Uong Bi,VN,25.99,clear sky,21.0333,106.7833,khach san Trung lien
326,Monte Azul,BR,25.1,few clouds,-15.155,-42.8747,Hotel Delfino
327,Wajima,JP,16.04,light rain,37.4,136.9,Wajiima Onsen Yashio
328,Ujjain,IN,22.92,overcast clouds,23.1833,75.7667,SPOT ON 69320 Hotel New Neha Palace
329,Severodvinsk,RU,9.06,overcast clouds,64.5635,39.8302,Park Hotel
330,Tazovskiy,RU,0.46,overcast clouds,67.4667,78.7,TazHostel
331,Ahipara,NZ,11.61,overcast clouds,-35.1667,173.1667,Ahipara Holiday Park
332,Marsa Matruh,EG,22.06,clear sky,31.3525,27.2453,Beau Site
333,Havoysund,NO,7.13,overcast clouds,70.9963,24.6622,Arctic View Glamping & Restaurant
335,Petropavlovsk-Kamchatskiy,RU,8.33,broken clouds,53.0452,158.6483,The Hotel Petropavlovsky
336,Muros,ES,18.94,overcast clouds,42.7762,-9.0603,Apartment Av. Castelao
337,San Isidro,PE,17.79,overcast clouds,-12.1167,-77.05,Radisson Hotel Decapolis Miraflores
339,Daru,PG,27.69,broken clouds,-9.0763,143.2092,Daru Lodge
340,Port-Gentil,GA,25.25,broken clouds,-0.7193,8.7815,Fengshui Residence
341,Atar,MR,33.73,scattered clouds,20.5169,-13.0499,Oumou Elghoura
342,Zvishavane,ZW,20.41,clear sky,-20.3267,30.0665,Hotel Boutique Runde
343,Homer,US,13.94,broken clouds,59.6425,-151.5483,Beluga Lake Lodge
344,Ardabil,IR,15.35,clear sky,38.2498,48.2933,Hotel ideal
345,Owando,CG,21.79,light rain,-0.4819,15.8999,Exaunel Hotel Owando
346,La Gomera,GT,28.84,broken clouds,14.0833,-91.05,Cede.E.T.V
347,Tarbes,FR,16.26,overcast clouds,43.25,0.1667,Quelle Vue (Gite Rural)
348,Creemore,CA,16.7,scattered clouds,44.327,-80.1075,Clearview Station Bed & Breakfast
349,Zarubino,RU,7.59,clear sky,42.63,131.0922,Okean
350,Katobu,ID,27.07,overcast clouds,-4.9408,122.5276,La Ode Husein
351,Ancud,CL,9.59,moderate rain,-41.8697,-73.8203,Hotel Arena Gruesa
352,Bereda,ES,15.79,overcast clouds,43.2686,-7.5406,Pazo de Verdes
353,Aklavik,CA,1.5,overcast clouds,68.2191,-135.0107,Aklavik Inn
354,Caldas Da Rainha,PT,17.04,clear sky,39.4033,-9.1384,SANA Silver Coast Hotel
355,Turka,UA,9.33,overcast clouds,49.1541,23.0297,–ú–æ—Ç–µ–ª—å
356,Nishihara,JP,27.6,scattered clouds,26.1842,127.7558,Minshuku Agaihama
357,Sao Sebastiao,BR,20.11,overcast clouds,-23.76,-45.4097,Hotel Recanto dos P√°ssaros
358,Sakakah,SA,26.14,few clouds,29.9697,40.2064,Fakhamat Al Orjoana Apartment
359,Mehriz,IR,17.28,clear sky,31.5917,54.4318,Mehrgard dwelling/ÿ≥ÿ±ÿß€å ŸÖŸáÿ±⁄Øÿ±ÿØ
360,Concepcion De Buenos Aires,MX,14.99,broken clouds,19.9667,-103.2667,HOTEL CONSTITUCI√ìN
361,Serenje,ZM,18.29,few clouds,-13.2325,30.2352,The Kabaso's
362,Sola,VU,26.97,broken clouds,-13.8833,167.55,Leumerus Bungalows
363,Kotelnikovo,RU,10.83,few clouds,47.6317,43.1461,Seven Kings Kotelnikovo
365,Leesburg,US,17.67,overcast clouds,39.1157,-77.5636,"Homewood Suites by Hilton Leesburg, VA"
366,Hobyo,SO,24.91,broken clouds,5.3505,48.5268,Halane Hotel and Restaurent
367,Bonthe,SL,24.91,moderate rain,7.5264,-12.505,Bonthe Holiday Village
368,Ilorin,NG,22.96,moderate rain,8.5,4.55,SITY INN
370,Lypova Dolyna,UA,8.63,overcast clouds,50.5643,33.7979,–û–ª—ñ–≤—ñ—è
371,Praia,CV,26.94,few clouds,14.9215,-23.5087,LT Aparthotel
372,Bridlington,GB,10.16,scattered clouds,54.0831,-0.1919,Expanse Bridlington Seafront Hotel
373,Richards Bay,ZA,21.12,scattered clouds,-28.783,32.0377,BON Hotel Waterfront Richards Bay
374,Warrington,GB,11.92,clear sky,53.3925,-2.5802,Villaggio Hotel
375,Calama,CL,13.27,clear sky,-22.4667,-68.9333,Park Hotel Calama
376,Shingu,JP,19.53,overcast clouds,33.7333,135.9833,Shingu UI Hotel
377,Meadow Lake,US,14.71,light rain,34.8014,-106.5436,TumbleWeed RV Park
378,Sur,OM,27.47,clear sky,22.5667,59.5289,Sur Plaza Hotel
379,Batticaloa,LK,25.7,overcast clouds,7.7102,81.6924,Grand Star Guest House
380,Ozerki,RU,6.01,overcast clouds,57.6167,39.8833,ibis Yaroslavl Center
381,Awjilah,LY,23.44,clear sky,29.1081,21.2869,ÿßŸÑŸÖŸÜÿ≤ŸÑ
382,Ketchikan,US,14.26,light rain,55.3422,-131.6461,Snow's Cove Lodge
383,Eureka,US,18.44,few clouds,40.8021,-124.1637,Eureka Inn Trademark By Wyndham
384,Port Moresby,PG,29.27,broken clouds,-9.4431,147.1797,Lamana Hotel (Port Moresby)
385,Chumikan,RU,0.9,scattered clouds,54.7183,135.315,Fortuna
386,Pallasovka,RU,11.03,overcast clouds,50.05,46.8833,"Hotel ""Natalia"""
387,Tezu,IN,22.64,overcast clouds,27.9167,96.1667,Circuit House
388,Palapye,BW,21.34,clear sky,-22.546,27.1251,Belle vue Bed & Breakfast
389,Riyadh,SA,26.31,clear sky,24.6877,46.7219,"InterContinental Riyadh, an IHG Hotel"
390,Usinsk,RU,5.33,overcast clouds,65.9939,57.5281,Dobro Pozhalovaty
391,Kanniyakumari,IN,25.45,overcast clouds,8.0833,77.5667,Sparsa Kanyakumari
392,Kralendijk,BQ,27.99,clear sky,12.15,-68.2667,Divi Flamingo Beach Resort & Casino
393,Maningrida,AU,30.3,broken clouds,-12.0667,134.2667,Dhukurrdji Lodge
394,Cristalina,BR,19.14,broken clouds,-16.7686,-47.6136,HOTEL TOPAZIO
395,Malkangiri,IN,23.29,overcast clouds,18.35,81.9,MR-SAGAR_KUMAR_RTR‚Ñ¢
396,Carutapera,BR,26.41,clear sky,-1.195,-46.02,Lidera
397,Russell,US,23.78,clear sky,32.3502,-85.1999,Macs
398,Lucapa,AO,19.57,overcast clouds,-8.4192,20.7447,L√≠rio Mendes
399,Jiuquan,CN,5.02,clear sky,39.7432,98.5174,Jiuquan Hotel
400,Sembe,CG,20.65,broken clouds,1.6481,14.5806,
401,Nsukka,NG,20.74,light rain,6.8561,7.3927,The AttaGate Hotels
402,Menongue,AO,18.58,broken clouds,-14.6585,17.691,Ritz Lauca
404,Makakilo City,US,29.2,broken clouds,21.3469,-158.0858,Marriott's Ko Olina Beach Club
405,Khalkhal,IR,12.51,clear sky,37.6189,48.5258,Khalkhal Tourist Hotel
406,Laguna,US,34.05,clear sky,38.421,-121.4238,"Holiday Inn Express & Suites Elk Grove Central - Hwy 99, an IHG Hotel"
407,Santarem,BR,29.82,broken clouds,-2.4431,-54.7083,Hotel Imperador
408,Aleksin,RU,8.46,overcast clouds,54.51,37.08,–•–æ—Å—Ç–ª
409,Pitimbu,BR,25.14,clear sky,-7.4706,-34.8086,Reserva do Abia√≠
410,Grand-Santi,GF,27.53,scattered clouds,4.25,-54.3833,Hotel La Villa Couacou
411,Gladstone,AU,23.96,scattered clouds,-23.85,151.25,Highpoint International Hotel
412,Mount Prospect,US,21.62,clear sky,42.0664,-87.9373,Hampton Inn & Suites Chicago/Mt. Prospect
413,Rio Gallegos,AR,8.8,overcast clouds,-51.6226,-69.2181,Hotel Santa Cruz
414,Villers-Le-Bouillet,BE,13.8,few clouds,50.5771,5.2595,Atelier n¬∞5
415,Abengourou,CI,21.27,overcast clouds,6.7297,-3.4964,Hotel des Princes
416,Beyneu,KZ,12.16,broken clouds,45.3167,55.2,NUR
417,Mahibadhoo,MV,27.15,overcast clouds,3.7833,72.9667,Omadhoo Inn
418,Kamenka,RU,8.11,overcast clouds,51.3223,42.7678,
419,Komsomolskiy,UZ,11.4,broken clouds,40.4272,71.7189,Ikathouse
420,Wanning,CN,26.99,scattered clouds,18.8003,110.3967,Paradise Hotel
421,Prescott,US,25.67,few clouds,34.54,-112.4685,Prescott Resort & Conference Center
422,Yulara,AU,24.97,clear sky,-25.2406,130.9889,Desert Gardens Hotel - Ayers Rock Resort
423,Payakumbuh,ID,22.3,overcast clouds,-0.2202,100.6308,Dalimo Homestay
424,Guane,CU,24.78,scattered clouds,22.2025,-84.0875,base de Campismo LosPortales de Guane
425,Neyshabur,IR,14.52,clear sky,36.2133,58.7958,Amiran Hotel & Commercial Complex
426,Farah,AF,15.94,clear sky,32.5,62.5,
427,Lagoa,PT,20.6,light rain,39.05,-27.9833,Casa Das Faias
428,Puerto Quijarro,BO,28.98,scattered clouds,-17.7833,-57.7667,Hotel palance
429,Buzmeyin,TM,17.07,clear sky,38.0507,58.2056,
430,Sechura,PE,17.78,clear sky,-5.5569,-80.8222,Hospedaje Costa Bella
431,Sistranda,NO,10.98,light rain,63.7256,8.834,Hotell Fr√∏ya
432,Kampot,KH,26.03,overcast clouds,10.6167,104.1833,Two Moons Hotel
433,Nador,MA,21.14,clear sky,35.174,-2.9287,H√¥tel La Giralda
434,Ossora,RU,5.47,clear sky,59.2353,163.0719,
435,Charters Towers,AU,26.42,clear sky,-20.1,146.2667,Cattleman's Rest Motor Inn
436,Labytnangi,RU,2.83,light rain,66.6572,66.4183,Priuralye Hotel
437,Sharjah,AE,28.99,haze,25.3573,55.4033,Swiss Belhotel Sharjah
438,Trelew,AR,21.3,scattered clouds,-43.249,-65.3051,Hotel Touring Club
439,Kem,RU,7.14,broken clouds,64.9555,34.5793,Kuzova
440,Egvekinot,RU,1.78,snow,66.3167,-179.1667,
441,Atasu,KZ,6.76,few clouds,48.6814,71.6433,Diana
442,Lata,PT,14.4,scattered clouds,40.1629,-8.3327,Casa Maquia
444,Pontiac,US,19.95,broken clouds,42.6389,-83.2911,Embassy Suites by Hilton Auburn Hills
445,Maketu,NZ,15.01,scattered clouds,-37.7667,176.45,Maketu Beach Holiday Park
446,Tarauaca,BR,26.73,scattered clouds,-8.1614,-70.7656,Flat Temporada
447,Conceicao Da Barra,BR,23.79,broken clouds,-18.5933,-39.7322,Cricar√© Praia Hotel
448,Emirdag,TR,10.24,broken clouds,39.0197,31.15,Emirdaƒü √ñƒüretmenevi
449,Dongsheng,CN,5.08,broken clouds,39.8161,109.9776,Crowne Plaza Ordos
450,Adrar,MR,32.88,clear sky,20.5022,-10.0711,
451,Slupsk,PL,12.47,few clouds,54.4641,17.0287,Hotel Pod KlukƒÖ
452,Izazi,TZ,20.95,few clouds,-7.2,35.7333,
453,Coatzintla,MX,22.32,light intensity drizzle,20.4833,-97.45,Hotel Poza Rica Inn
454,Union,US,15.93,broken clouds,40.6334,-74.2663,Homewood Suites by Hilton Newark-Cranford
455,College,US,8.1,scattered clouds,64.8569,-147.8028,Pike's Waterfront Lodge
456,Serebryansk,KZ,2.83,scattered clouds,49.6925,83.2892,"Gostinitsa ""Vodoley"""
457,Ayan,RU,0.94,overcast clouds,56.45,138.1667,Gostinitsa
458,Gerede,TR,6.17,overcast clouds,40.8008,32.1969,Hotel Konuk
459,Touros,BR,25.19,clear sky,-5.1989,-35.4608,INN NEW HORIZON
460,Port Shepstone,ZA,20.07,broken clouds,-30.7414,30.455,My Den Beachfront Bed and Breakfast | Self-Catering
461,Nurota,UZ,8.8,clear sky,40.5614,65.6886,Guest House Ruslan Nurata & Tours
462,Berlevag,NO,5.97,overcast clouds,70.8578,29.0864,Kvitbrakka
463,Coihaique,CL,3.61,moderate rain,-45.5752,-72.0662,Diego De Almagro Coyhaique
464,Jacareacanga,BR,27.86,broken clouds,-6.2222,-57.7528,Casa do Ianüòé
465,Tabou,CI,24.31,overcast clouds,4.423,-7.3528,hot√™l doufoulougou
466,Garden City,US,20.53,broken clouds,42.3256,-83.331,Big Trees Mobile Home Community
467,Slave Lake,CA,10.3,overcast clouds,55.2834,-114.769,Super 8 by Wyndham Slave Lake AB
468,Rio Tercero,AR,12.11,light rain,-32.173,-64.1141,Hospedaje Las Violetas
469,Beppu,JP,20.27,heavy intensity rain,33.2736,131.4919,Seikaiso
470,Asfi,MA,20.1,broken clouds,32.2994,-9.2372,H√¥tel Abda
471,Santa Maria,BR,16.95,heavy intensity rain,-29.6842,-53.8069,Hotel Morotin
472,Dingle,PH,27.74,overcast clouds,10.9995,122.6711,SEGAYA PROPERTY
473,Ostersund,SE,8.25,light rain,63.1792,14.6357,Best Western Hotel Gamla Teatern
474,Broken Hill,AU,23.96,clear sky,-31.95,141.4333,Royal Exchange Hotel
475,Betafo,MG,13.22,clear sky,-19.8333,46.85,CHEZ MALALA
476,Narrabri,AU,15.85,overcast clouds,-30.3167,149.7833,Crossroads Hotel
477,Pecsvarad,HU,11.88,overcast clouds,46.1603,18.4232,Zeng≈ësz√≠v Jurtafalu
478,Male,MV,27.34,overcast clouds,4.1748,73.5089,Hotel Octave Maldives
479,Locri,IT,17.03,clear sky,38.2414,16.2623,Grand Hotel President
480,Guerrero Negro,MX,22.98,clear sky,27.9769,-114.0611,"Casa Laguna, Bed & Breakfast"
481,Sozimskiy,RU,5.56,overcast clouds,59.7418,52.2482,
482,Tautira,PF,24.79,scattered clouds,-17.7333,-149.15,Pension Oaoa
483,Emet,TR,6.82,clear sky,39.343,29.2585,Emet Thermal Resort Spa
484,Aden,YE,30.03,overcast clouds,12.7794,45.0367,Sama Emirate Hotel
485,Mecca,SA,28.68,clear sky,21.4267,39.8261,"Makkah Clock Royal Tower, A Fairmont Hotel"
486,Anekal,IN,20.73,overcast clouds,12.7,77.7,Hotel Mayura Nisarga Pearl Valley
487,Uddevalla,SE,13.2,light rain,58.3478,11.9424,Best Western Hotel Carlia
488,Bainbridge,US,20.44,scattered clouds,47.6262,-122.5212,Bainbridge Island Country Inn
489,Pierre,US,22.51,clear sky,44.3683,-100.351,Ramkota Hotel
490,Qaqortoq,GL,2.57,overcast clouds,60.7167,-46.0333,Siniffik Inn
491,Abonnema,NG,23.99,moderate rain,4.7084,6.7931,Corper's Lodge Obonoma
492,La Ronge,CA,4.14,clear sky,55.1001,-105.2842,Northland Motor Hotel
493,Brewster,US,15.79,overcast clouds,41.3973,-73.6171,Heidi's Inn
495,Rincon,US,19.92,few clouds,32.296,-81.2354,Days Inn Rincon
496,Kanye,BW,20.82,clear sky,-24.9667,25.3327,The Savanna Lodge
497,Port Augusta,AU,23.55,clear sky,-32.5,137.7667,Majestic Oasis Apartments
498,Monrovia,LR,23.87,light rain,6.3005,-10.7969,Sunset Inn
499,Lianzhou,CN,19.52,scattered clouds,24.7811,112.3825,Qingcheng Tourism Industry
500,Rantepao,ID,22.05,overcast clouds,-2.9701,119.8978,Hotel Luta Resort
501,Nemuro,JP,11.06,overcast clouds,43.3236,145.575,Hotel Nemuro Kaiyoutei
502,Wonosari,ID,24.11,overcast clouds,-7.9656,110.6036,OYO 2634 Griya Birowo Syariah
503,Deloraine,AU,12.86,light rain,-41.5333,146.6667,Mountain View Country Inn
504,Pontes E Lacerda,BR,27.55,scattered clouds,-15.2261,-59.3353,Hotel Bressan
506,Bondoukou,CI,21.5,light rain,8.0333,-2.8,Prestige Hotel
507,Santa Cruz,BO,27.7,broken clouds,-17.8,-63.1667,Aviador Hotel Boutique
508,Chilca,PE,15.42,broken clouds,-12.5211,-76.7372,Playa Punta Yaya - Las Salinas
509,Praya,CV,26.94,few clouds,14.9215,-23.5087,LT Aparthotel
510,Bani Walid,LY,19.84,clear sky,31.7566,13.9942,ŸÜŸäŸÉ ÿ®ŸÑÿßÿ¥
511,Kirovsk,UA,7.12,scattered clouds,48.6375,38.6428,
512,Karratha,AU,25.65,clear sky,-20.7377,116.8463,ibis Styles Karratha
514,Cochabamba,BO,19.86,scattered clouds,-17.3895,-66.1568,Hotel Aranjuez Cochabamba
515,Hambantota,LK,25.64,overcast clouds,6.1241,81.1185,Bungalow 63
516,Mafinga,TZ,20.26,few clouds,-7.25,35.0667,
517,Luganville,VU,26.94,broken clouds,-15.5333,167.1667,The Espiritu Hotel
518,Te Anau,NZ,4.72,overcast clouds,-45.4167,167.7167,Kingsgate Hotel Te Anau
519,Halifax,CA,15.25,overcast clouds,44.6453,-63.5724,Hotel Halifax
520,Maceio,BR,25.14,scattered clouds,-9.6658,-35.7353,Hotel Ponta Verde Macei√≥
521,Cap Malheureux,MU,19.7,broken clouds,-19.9842,57.6142,Pereybere Hotel & Spa
522,Aksarka,RU,2.78,overcast clouds,66.5606,67.7975,
523,Sarakhs,IR,11.35,clear sky,36.5449,61.1577,ŸÖŸáŸÖÿßŸÜ ÿ≥ÿ±ÿß€å ÿ¥ÿ±⁄©ÿ™ ⁄Øÿßÿ≤
524,Arawa,PG,28.72,light rain,-6.2132,155.5367,Coastline Guest House
525,Manokwari,ID,28.34,overcast clouds,-0.8667,134.0833,Swiss Belhotel Manokwari
526,Codrington,AU,15.63,overcast clouds,-38.2667,141.9667,Codrington Gardens Bed And Breakfast
527,Denpasar,ID,25.4,scattered clouds,-8.65,115.2167,OYO 3156 Hotel Warta 2
528,Buraydah,SA,25.27,clear sky,26.326,43.975,M√∂venpick Qassim
529,Taft,IR,16.97,clear sky,31.7471,54.2088,ÿπŸÖÿßÿ±ÿ™ ÿ≥ÿßÿπÿ™€å ÿ™ŸÅÿ™
530,Seara,PT,18.31,broken clouds,41.1818,-7.8003,Six Senses Douro Valley
532,Oron,NG,23.45,moderate rain,4.8256,8.2343,Aqua Belloni Lodge
533,Akyab,MM,25.63,scattered clouds,20.15,92.9,·Äü·Ä≠·ÄØ·Äê·Äö·Ä∫ ·Äô·Äî·Ä∫·Äô·Ä≠·ÄØ·Äõ·ÄÆ
534,Arlit,NE,32.17,clear sky,18.7369,7.3853,Case de Passage De la Prefecture
535,Lobva,RU,5.97,overcast clouds,59.1854,60.5185,
536,Say,NE,29.32,scattered clouds,13.1007,2.3689,
537,Panama City,PA,27.32,overcast clouds,8.9936,-79.5197,Trump International Hotel & Tower Panama
538,Dalvik,IS,6.96,overcast clouds,65.9702,-18.5286,Dalv√≠k Hostel
539,Nassau,US,15.96,overcast clouds,40.7507,-73.5829,Hilton Garden Inn Westbury
540,Mizdah,LY,16.56,clear sky,31.4451,12.9801,ŸÖÿ≠ŸÖÿØÿßŸÑŸÖÿ®ÿ±ŸàŸÉ ÿßŸÑÿßÿ±ŸäŸÇÿ∑
541,Gizo,SB,29.04,broken clouds,-8.103,156.8419,Imagination Island
542,Sijunjung,ID,23.25,overcast clouds,-0.6876,100.9537,Hotel Bukik Gadang
543,Zhangye,CN,6.92,clear sky,38.9342,100.4517,Zhangye Lvzhou Holiday Inn
544,Takayama,JP,11.75,overcast clouds,36.1333,137.25,Country Hotel Takayama
545,Guna,IN,22.39,light rain,24.65,77.3167,Hotel G K Jain
546,Hatillo,PR,26.17,overcast clouds,18.4863,-66.8254,El Buen Hotel
547,Durazno,UY,15.38,broken clouds,-33.4131,-56.5006,Hotel Santa Cristina
548,Sabalgarh,IN,23.6,broken clouds,26.25,77.4,Kailadevi studio
549,Mambajao,PH,28.02,overcast clouds,9.2504,124.7156,SomeWhere Else boutique resort
550,Yatou,CN,13.48,scattered clouds,37.15,122.3833,GreenTree Hotel Rongcheng Bus Station
551,Puerto Colombia,CO,25.05,broken clouds,10.9878,-74.9547,Hotel El Emigrante
552,Golden,US,18.93,few clouds,39.7555,-105.2211,"The Golden Hotel, Ascend Hotel Collection"
553,Valparaiso,CL,14.15,scattered clouds,-33.0393,-71.6273,Hotel Ultramar
554,Muisne,EC,23.91,broken clouds,0.6,-80.0333,Quinta Samay
557,Raymondville,US,29.06,scattered clouds,26.4815,-97.7831,La Quinta Inn & Suites by Wyndham Raymondville
558,Kanker,IN,21.75,overcast clouds,20.2719,81.4931,STARiHOTEL Kanker
559,Kavaratti,IN,27.02,broken clouds,10.5669,72.642,Green leaf
560,Tolaga Bay,NZ,8.93,broken clouds,-38.3667,178.3,Tolaga Bay Motel
561,Pafos,CY,19.88,few clouds,34.7667,32.4167,Elysium Hotel
562,Masuguru,TZ,21.13,clear sky,-11.3667,38.4167,
563,Johnson City,US,14.65,clear sky,36.3134,-82.3535,Hampton Inn Johnson City
564,Witbank,ZA,18.51,clear sky,-25.8713,29.2332,ANEW Hotel Witbank eMalahleni
565,Duku,NG,23.26,light rain,11.2361,4.9073,
566,Wanaka,NZ,6.17,broken clouds,-44.7,169.15,Wanaka Homestead Lodge and Cottages
567,Faya,SA,20.29,scattered clouds,18.3851,42.4509,ÿ¥ŸäŸÑÿ© ŸÜÿ≥ÿßŸäŸÖ
568,Itapetinga,BR,22.46,few clouds,-15.2489,-40.2478,Hotel Del Rey
570,Taoudenni,ML,34.81,clear sky,22.6783,-3.9836,
571,Sept-Iles,CA,9.47,overcast clouds,50.2001,-66.3821,Comfort Inn
572,Marzuq,YE,22.08,scattered clouds,14.4,46.4667,ÿ≠ŸäÿØ ÿßŸÑŸÇŸÅŸÑÿ©
573,Hun,LY,21.16,clear sky,29.1268,15.9477,Alrwasi Hotel
574,Hammerfest,NO,6.25,scattered clouds,70.6634,23.6821,Skytterhuset
575,Margate,GB,11.84,clear sky,51.3813,1.3862,Premier Inn Margate hotel
576,Shimoda,JP,13.39,overcast clouds,34.6667,138.95,Shimoda Tokyu Hotel
577,Vestmannaeyjar,IS,7.4,overcast clouds,63.4427,-20.2734,Glamping & Camping
578,Punjai Puliyampatti,IN,24.58,light rain,11.35,77.2,¬•@$‚òÖ HOME
579,Turtas,RU,6.75,overcast clouds,58.9417,69.1325,Domashnyaya Gostinitsa
580,Ouadda,CF,19.45,light rain,8.0777,22.4007,
581,El Alto,PE,16.81,scattered clouds,-4.2714,-81.2147,Black Marlin Restaurant & Hospedaje
582,Tateyama,JP,15.05,mist,34.9833,139.8667,Tateyama Seaside Hotel
583,Binga,ZW,23.16,clear sky,-17.6203,27.3414,Lakeview Inn Binga
584,Nizwa,OM,25.39,scattered clouds,22.9333,57.5333,Orient Apartments
585,Waverly,US,17.84,clear sky,42.7392,-84.6208,"Crowne Plaza Lansing West, an IHG Hotel"
586,Guia De Isora,ES,22.4,overcast clouds,28.2115,-16.7795,La Vista Pension
587,Kesinga,IN,23.16,broken clouds,20.2,83.2333,Hotel Jayashree
588,Mersin,TR,22.1,clear sky,36.862,34.6509,Nostalgia Boutique Hotel
589,Bakchar,RU,3.27,overcast clouds,57.0186,82.0711,Gostinitsa Gostevoy Dom
590,Umm Lajj,SA,29.53,clear sky,25.0213,37.2685,Moon light Furnished Units
591,Muriwai Beach,NZ,12.46,overcast clouds,-36.8167,174.45,Coast Retreat Muriwai - Golf and Surf Holiday
592,Wurzen,DE,16.46,broken clouds,51.3667,12.7333,Hotel Zur Post
593,Bemidji,US,19.05,overcast clouds,47.4736,-94.8803,Hampton Inn & Suites Bemidji
594,Benguela,AO,22.32,overcast clouds,-12.5763,13.4055,Hotel Praia Morena
595,Mackenzie,CA,17.13,clear sky,55.2999,-123.1698,
596,Puerto Leguizamo,CO,26.89,overcast clouds,-0.1934,-74.7819,la casona de juancho
597,Teacapan,MX,27.75,overcast clouds,22.55,-105.75,Hotel los Mangos
598,Okha,RU,2.49,light rain,53.5739,142.9478,Sakhalin-Sfera
599,Tulum,MX,25.42,overcast clouds,20.2167,-87.4667,Kin Ha Tulum
600,Guatire,VE,26.5,light rain,10.4762,-66.5427,Parque Residencial Canaima I
601,Cajati,BR,17.9,overcast clouds,-24.7361,-48.1228,Lanchonete e Hotel Cortesia
603,Mount Isa,AU,26.87,scattered clouds,-20.7333,139.5,ibis Styles Mt Isa Verona
604,Cilegon,ID,26.4,light rain,-6.0174,106.0538,Forbis Hotel
605,Avdiyivka,UA,8.21,broken clouds,48.1399,37.7426,–û—Ç–µ–ª—å –≤ –ê–≤–¥–µ–µ–≤–∫–µ
606,Acapulco,MX,28.9,broken clouds,16.8634,-99.8901,HS Hotsson Smart Acapulco
607,Galdar,ES,22.42,overcast clouds,28.147,-15.6502,Hostel Guide
609,Fukuma,JP,20.72,moderate rain,33.7667,130.4667,Masago
610,Marsh Harbour,BS,26.57,scattered clouds,26.5412,-77.0636,Abaco Beach Resort
611,Lorsch,DE,16.23,clear sky,49.6547,8.5686,Hotel-Restaurant Felix
612,Pamfila,GR,17.84,few clouds,39.1567,26.5217,GOLDEN SUN ROOMS
614,Kirksville,US,19.47,broken clouds,40.1948,-92.5833,Budget Host-Village Inn
615,Cranendonck,NL,14.69,scattered clouds,51.2775,5.5837,Villa Christina
616,Arroyohondo,CO,25.4,overcast clouds,10.2522,-75.0198,Luis coronado
617,Meulaboh,ID,23.56,light rain,4.1363,96.1285,Kost Pria
618,La Asuncion,VE,26.21,overcast clouds,11.0333,-63.8628,Colinas de Matasiete
619,Shouguang,CN,11.39,scattered clouds,36.88,118.7375,Communications Hotel
620,Tiarei,PF,29.01,few clouds,-17.5333,-149.3333,Le Rocher de Tahiti
621,Troitskoye,RU,3.26,moderate rain,52.9821,84.6757,
622,Kimberley,ZA,17.83,overcast clouds,-28.7323,24.7623,Welgewandel Guesthouse
623,Tyrma,RU,0.99,few clouds,50.0833,132.1667,
624,Temiscaming,CA,16.73,broken clouds,46.7212,-79.0971,Auberge Canadienne
625,Hearst,CA,11.14,overcast clouds,49.6835,-83.6665,Companion
626,Alappuzha,IN,25.0,overcast clouds,9.49,76.3264,Panoramic Sea Resort
627,Saint-Pierre,RE,19.82,clear sky,-21.3393,55.4781,Alize Plage
628,Prince Rupert,CA,15.83,light rain,54.3161,-130.3201,Crest Hotel
629,Hede,CN,13.31,heavy intensity rain,33.7681,120.2517,Vienna 3 Best Hotel Sheyang Jiefang Rd
631,Madingou,CG,24.06,light rain,-4.1536,13.55,HOTEL KIM ELISA
632,Pochutla,MX,28.23,scattered clouds,15.7432,-96.4661,Hotel Posada San Jose
633,Bahia Blanca,AR,14.03,overcast clouds,-38.7196,-62.2724,Hotel Argos
634,Nelson Bay,AU,18.03,overcast clouds,-32.7167,152.15,Mantra Nelson Bay
635,Slobodskoy,RU,6.82,overcast clouds,58.7322,50.1772,Victoria Village
636,Inhambane,MZ,21.29,clear sky,-23.865,35.3833,Oceano
637,Nargana,PA,27.25,overcast clouds,9.4428,-78.5906,Dubbir
638,Paamiut,GL,2.9,broken clouds,61.994,-49.6678,Pistut
639,Orbetello,IT,18.9,broken clouds,42.4408,11.2196,Argentario Golf & Wellness Resort
640,Vanimo,PG,27.8,overcast clouds,-2.6741,141.3028,Vahmoneh Lodge Vanimo
641,Ca Mau,VN,25.4,overcast clouds,9.1769,105.15,M∆∞·ªùng Thanh Luxury C√† Mau Hotel
643,Odweyne,SO,24.35,overcast clouds,9.4092,45.064,Eng Hiirey House
644,Saint-Prosper,CA,11.5,clear sky,46.2117,-70.4811,Residence Beau S√©iour
645,Santa Rosa,PH,30.05,overcast clouds,14.3122,121.1114,Erlyn‚Äôs Sta Rosa City Home
646,Harper,LR,24.5,overcast clouds,4.375,-7.7169,Screensaver
647,Marovoay,MG,20.44,clear sky,-16.1,46.6333,H√¥tel les Oliviers Marovoay
648,Luwuk,ID,28.37,overcast clouds,-0.9516,122.7875,Hotel Santika Luwuk
649,Esso,RU,0.49,light snow,55.9333,158.7,Paramushir Tur
