City_ID,City,Country,Lat,Lng,Max Temp,Humidity,Cloudiness,Wind Speed,Current Description
0,Rikitea,PF,-23.1203,-134.9692,20.54,66,12,9.63,few clouds
1,Lebu,CL,-37.6167,-73.65,11.17,85,100,3.65,overcast clouds
2,Salalah,OM,17.0151,54.0924,25.25,81,96,1.65,overcast clouds
3,Longyearbyen,SJ,78.2186,15.6401,3.91,75,20,6.69,few clouds
4,Nikolskoye,RU,59.7035,30.7861,8.94,98,96,3.16,overcast clouds
5,Kahului,US,20.8947,-156.47,31.01,68,40,8.23,scattered clouds
6,Bluff,NZ,-46.6,168.3333,6.56,63,96,10.35,overcast clouds
7,Bathsheba,BB,13.2167,-59.5167,27.34,83,75,6.69,broken clouds
8,Sarauli,IN,28.5,79.1,22.44,92,51,3.38,broken clouds
9,Punta Arenas,CL,-53.15,-70.9167,9.06,66,75,4.12,light rain
10,Ostrovnoy,RU,68.0531,39.5131,8.61,93,99,5.83,overcast clouds
11,Souillac,MU,-20.5167,57.5167,22.21,78,75,3.6,broken clouds
12,Musoma,TZ,-1.5,33.8,20.01,83,20,0.0,few clouds
13,Mantua,IT,45.1667,10.7833,15.61,87,33,0.8,scattered clouds
14,Busselton,AU,-33.65,115.3333,13.34,57,14,5.59,few clouds
15,Hermanus,ZA,-34.4187,19.2345,8.78,84,0,5.4,clear sky
16,Kavieng,PG,-2.5744,150.7967,29.28,70,96,6.14,light rain
17,New Norfolk,AU,-42.7826,147.0587,12.73,60,99,1.34,overcast clouds
18,Atuona,PF,-9.8,-139.0333,25.34,69,4,7.73,clear sky
19,Luderitz,NA,-26.6481,15.1594,12.37,78,7,7.08,clear sky
20,Cape Town,ZA,-33.9258,18.4232,16.32,72,0,3.6,clear sky
21,Hofn,IS,64.2539,-15.2082,5.81,58,5,5.36,clear sky
22,Hobart,AU,-42.8794,147.3294,12.92,72,75,5.66,broken clouds
23,Albany,US,42.6001,-73.9662,13.09,90,73,1.79,broken clouds
24,Nanortalik,GL,60.1432,-45.2371,3.05,86,67,7.48,broken clouds
25,Hithadhoo,MV,-0.6,73.0833,27.85,74,99,9.05,overcast clouds
26,Ushuaia,AR,-54.8,-68.3,7.81,66,40,1.54,scattered clouds
27,Katsuura,JP,35.1333,140.3,15.01,86,100,10.45,overcast clouds
28,Westport,US,41.1415,-73.3579,16.36,89,100,2.24,light rain
29,Flinders,AU,-34.5833,150.8552,16.32,92,100,2.24,overcast clouds
30,Tasiilaq,GL,65.6145,-37.6368,-5.34,53,75,2.42,broken clouds
31,Tigil,RU,57.8,158.6667,2.85,74,91,12.43,light rain
32,Bethel,US,41.3712,-73.414,15.66,89,100,0.89,overcast clouds
33,Kapaa,US,22.0752,-159.319,28.99,68,13,2.24,few clouds
34,Arraial Do Cabo,BR,-22.9661,-42.0278,20.81,85,65,5.95,broken clouds
35,Sinnamary,GF,5.3833,-52.95,26.56,84,3,4.96,clear sky
36,Asau,RO,46.4333,26.4,7.51,81,99,2.72,overcast clouds
37,Kholm,RU,59.2667,32.85,7.09,98,76,2.5,broken clouds
38,Kefamenanu,ID,-9.4467,124.4781,26.47,67,100,2.07,overcast clouds
39,Fortuna,US,40.5982,-124.1573,18.29,76,13,0.89,few clouds
40,Norman Wells,CA,65.282,-126.8329,9.02,66,75,6.69,broken clouds
41,Hasaki,JP,35.7333,140.8333,15.22,74,100,10.56,light rain
42,Spencer,US,43.1414,-95.1444,18.62,68,74,2.47,broken clouds
43,Qaanaaq,GL,77.484,-69.3632,-14.57,70,32,3.41,scattered clouds
44,Kaitangata,NZ,-46.2817,169.8464,4.54,88,100,7.42,overcast clouds
45,Eenhana,NA,-17.4667,16.3333,22.7,16,25,3.41,scattered clouds
46,North Bend,US,43.4065,-124.2243,25.13,100,17,0.45,few clouds
47,Kashary,RU,49.04,41.0056,8.58,80,43,2.97,scattered clouds
48,Juneau,US,58.3019,-134.4197,12.28,100,100,1.1,overcast clouds
49,Quatre Cocos,MU,-20.2078,57.7625,19.49,78,72,5.83,broken clouds
50,Butaritari,KI,3.0707,172.7902,27.83,72,19,6.28,few clouds
51,Hilo,US,19.7297,-155.09,27.93,78,100,3.6,overcast clouds
52,Tocopilla,CL,-22.092,-70.1979,17.09,63,13,5.74,few clouds
53,Zabid,YE,14.1951,43.3152,30.58,63,56,3.16,broken clouds
54,Yar-Sale,RU,66.8333,70.8333,0.35,91,48,4.86,scattered clouds
55,Antalaha,MG,-14.9003,50.2788,19.42,87,1,2.9,clear sky
56,Pinawa,CA,50.1489,-95.8811,9.93,64,71,6.45,broken clouds
57,Palmer,US,42.1584,-72.3287,14.87,87,100,1.54,light rain
58,High Level,CA,58.5169,-117.136,11.06,43,20,5.14,smoke
59,Mataura,NZ,-46.1927,168.8643,6.38,94,96,4.92,light rain
60,Olafsvik,IS,64.8945,-23.7142,6.9,71,100,4.84,overcast clouds
61,Clyde River,CA,70.4692,-68.5914,-3.87,80,100,9.26,light snow
62,Kalmunai,LK,7.4167,81.8167,25.22,82,96,2.28,overcast clouds
63,Bengkulu,ID,-3.8004,102.2655,23.84,90,100,2.02,overcast clouds
64,Lorengau,PG,-2.0226,147.2712,29.84,68,71,5.8,broken clouds
65,Liwale,TZ,-9.7667,37.9333,19.26,84,26,2.49,scattered clouds
66,Hailar,CN,49.2,119.7,-0.81,53,34,3.14,scattered clouds
67,Saint Anthony,US,45.0205,-93.218,20.52,72,58,1.75,broken clouds
68,Pimentel,PE,-6.8367,-79.9342,16.35,85,25,7.51,scattered clouds
69,Husavik,IS,66.0449,-17.3389,2.68,97,100,14.36,overcast clouds
70,Esperance,AU,-33.8667,121.9,9.91,61,63,8.69,broken clouds
71,Port Hardy,CA,50.6996,-127.4199,19.1,72,40,2.57,scattered clouds
72,Saint-Philippe,RE,-21.3585,55.7679,19.77,76,43,5.04,scattered clouds
73,Solnechnyy,RU,50.7214,136.6319,2.55,39,4,5.18,clear sky
74,Erdenet,MN,49.0333,104.0833,-2.28,44,61,1.53,broken clouds
75,Qixingtai,CN,30.4135,111.8874,9.56,82,100,5.69,overcast clouds
76,Provideniya,RU,64.3833,-173.3,4.09,100,100,15.2,light shower sleet
77,Witu,KE,-2.3889,40.4382,24.09,88,16,4.96,light rain
78,Chokurdakh,RU,70.6333,147.9167,-6.93,92,94,3.47,overcast clouds
79,Puerto Ayora,EC,-0.7393,-90.3518,19.75,88,78,2.24,broken clouds
80,Verkh-Usugli,RU,52.7,115.1667,-3.94,59,5,0.96,clear sky
81,Kodiak,US,57.79,-152.4072,12.73,88,100,7.2,heavy intensity rain
82,Mar Del Plata,AR,-38.0023,-57.5575,16.16,91,0,4.63,clear sky
83,Tura,IN,25.5198,90.2201,22.08,97,96,1.14,overcast clouds
84,Santo Domingo,DO,18.5001,-69.9886,26.69,100,87,1.2,overcast clouds
85,Sao Joao Da Barra,BR,-21.6403,-41.0511,21.63,88,52,4.37,broken clouds
86,Cabo San Lucas,MX,22.8909,-109.9124,30.66,66,9,3.19,clear sky
87,Hovd,MN,48.0056,91.6419,3.16,30,81,2.36,broken clouds
88,Tuktoyaktuk,CA,69.4541,-133.0374,1.59,91,100,5.74,light snow
89,Upernavik,GL,72.7868,-56.1549,-7.36,84,65,1.88,broken clouds
90,Mandurah,AU,-32.55,115.7,13.52,55,57,3.77,broken clouds
91,Grand Gaube,MU,-20.0064,57.6608,19.65,75,84,1.34,broken clouds
92,Waitati,NZ,-45.75,170.5667,3.34,99,96,5.12,overcast clouds
93,Roma,US,43.2128,-75.4557,13.82,62,0,1.54,clear sky
94,Tiksi,RU,71.6872,128.8694,-5.7,83,97,7.09,overcast clouds
95,San Antonio,US,29.4241,-98.4936,30.34,34,20,2.57,few clouds
96,Yellowknife,CA,62.456,-114.3525,2.29,75,75,6.69,broken clouds
97,Avera,US,33.194,-82.5271,18.73,35,5,0.8,clear sky
98,Bubaque,GW,11.2833,-15.8333,27.58,80,31,2.85,light rain
99,Beloha,MG,-25.1667,45.05,19.52,82,0,1.2,clear sky
100,Simao,CN,22.7886,100.9748,18.59,91,63,0.29,broken clouds
101,Rocha,UY,-34.4833,-54.3333,12.5,92,76,3.54,broken clouds
102,Severo-Kurilsk,RU,50.6789,156.125,7.47,54,63,6.58,broken clouds
103,Bossangoa,CF,6.4926,17.4552,20.85,97,95,1.0,light rain
104,Williston,US,48.147,-103.618,18.51,48,100,2.24,overcast clouds
105,Ilulissat,GL,69.2167,-51.1,-3.99,68,20,2.06,few clouds
106,Cedar City,US,37.6775,-113.0619,21.89,24,29,2.87,scattered clouds
107,Goundam,ML,16.4145,-3.6708,35.4,23,72,2.66,broken clouds
108,Vaini,TO,-21.2,-175.2,24.51,85,100,4.48,moderate rain
109,Ribeira Grande,PT,38.5167,-28.7,21.31,84,99,2.19,light rain
110,Frontera,MX,26.9333,-101.45,26.29,53,74,0.89,broken clouds
111,Jamestown,US,42.097,-79.2353,13.9,59,0,2.57,clear sky
112,Sao Filipe,CV,14.8961,-24.4956,26.16,83,54,4.43,broken clouds
113,La Rochelle,FR,46.1667,-1.15,16.04,88,0,4.63,clear sky
114,Port Antonio,JM,18.18,-76.4612,26.67,82,25,0.67,scattered clouds
115,Dikson,RU,73.5069,80.5464,-1.04,81,96,4.76,overcast clouds
116,Barrow,US,71.2906,-156.7887,2.01,80,100,6.69,overcast clouds
117,Khatanga,RU,71.9667,102.5,-16.9,100,90,1.11,overcast clouds
118,Iqaluit,CA,63.7506,-68.5145,0.39,95,100,3.58,overcast clouds
119,Port Blair,IN,11.6667,92.75,24.02,94,75,0.0,broken clouds
120,Beidao,CN,34.5686,105.8933,9.87,94,100,0.67,moderate rain
121,Ternate,ID,0.8,127.4,27.89,73,100,1.38,overcast clouds
122,Goderich,CA,43.7501,-81.7165,16.62,66,65,1.82,broken clouds
123,Yanggu,CN,36.1106,115.7753,9.99,65,65,1.08,light rain
124,Oranjemund,NA,-28.55,16.4333,12.38,92,14,3.81,few clouds
125,Lompoc,US,34.6391,-120.4579,31.12,79,40,4.12,scattered clouds
126,Yuci,CN,37.6803,112.7319,6.86,87,40,1.0,mist
127,Grindavik,IS,63.8424,-22.4338,5.26,87,75,2.57,broken clouds
128,Saint George,US,37.1041,-113.5841,31.64,21,3,1.34,clear sky
129,Concepcion,CL,-36.827,-73.0498,10.62,87,79,2.01,broken clouds
130,Barabinsk,RU,55.3571,78.357,6.88,92,100,1.38,overcast clouds
131,Ixtapa,MX,20.7,-105.2,26.89,88,44,1.0,scattered clouds
132,Thompson,CA,55.7435,-97.8558,0.09,74,75,3.6,broken clouds
133,Pangkalanbuun,ID,-2.6833,111.6167,25.74,86,99,0.85,overcast clouds
134,Narsaq,GL,60.9167,-46.05,3.12,88,92,2.59,overcast clouds
135,Linhares,BR,-19.3911,-40.0722,22.8,89,51,2.08,broken clouds
136,Saskylakh,RU,71.9167,114.0833,-11.83,97,89,2.54,overcast clouds
137,Georgetown,MY,5.4112,100.3354,25.5,91,20,0.51,few clouds
138,Harbour Breton,CA,47.4833,-55.7983,11.27,75,43,1.28,scattered clouds
139,Zihuatanejo,MX,17.6333,-101.55,27.84,81,41,1.33,scattered clouds
140,Beringovskiy,RU,63.05,179.3167,8.33,87,98,12.85,overcast clouds
141,Nishiwaki,JP,34.9833,134.9667,16.75,69,100,4.74,overcast clouds
142,Tahe,CN,52.3333,124.7333,0.38,42,33,2.88,scattered clouds
143,Tadine,NC,-21.55,167.8833,23.93,53,100,5.11,overcast clouds
144,Castro,BR,-24.7911,-50.0119,16.53,91,100,3.04,light rain
145,Hami,CN,42.8,93.45,10.29,34,0,3.25,clear sky
146,Altamont,US,42.2068,-121.7372,29.32,23,0,1.34,clear sky
147,General Roca,AR,-39.0333,-67.5833,18.58,23,23,8.23,few clouds
148,Kenora,CA,49.8167,-94.4337,13.21,66,91,1.34,overcast clouds
149,Coffs Harbour,AU,-30.3,153.1333,18.98,77,100,3.09,overcast clouds
150,Atessa,IT,42.0693,14.4511,16.4,74,99,1.79,overcast clouds
151,Balkhash,KZ,46.844,74.9804,7.16,45,0,6.32,clear sky
152,Ingham,US,42.6,-84.3833,17.66,64,0,0.0,clear sky
153,Takoradi,GH,4.8845,-1.7554,23.98,93,11,3.29,few clouds
154,Chuy,UY,-33.6971,-53.4616,14.59,86,95,4.73,overcast clouds
155,Haines Junction,CA,60.7522,-137.5108,10.9,81,100,1.77,overcast clouds
156,Alofi,NU,-19.0595,-169.9187,25.16,80,98,7.15,overcast clouds
157,Avarua,CK,-21.2078,-159.775,26.03,65,40,8.23,scattered clouds
158,Ballina,AU,-28.8667,153.5667,18.02,90,100,1.51,overcast clouds
159,Naze,JP,28.3667,129.4833,24.3,71,42,4.41,scattered clouds
160,Barguzin,RU,53.6167,109.6167,-3.76,74,13,1.11,few clouds
161,Rundu,NA,-17.9333,19.7667,23.18,18,1,4.2,clear sky
162,Bodden Town,KY,19.2833,-81.25,28.33,73,85,1.34,overcast clouds
163,Aquiraz,BR,-3.9014,-38.3911,26.77,84,13,6.65,few clouds
164,Espanola,US,35.9911,-106.0806,14.42,78,100,2.0,overcast clouds
165,Deputatskiy,RU,69.3,139.9,-11.24,91,100,3.04,overcast clouds
166,Pedasi,PA,7.5333,-80.0333,25.59,85,100,4.67,overcast clouds
167,Port Lincoln,AU,-34.7333,135.8667,17.37,65,1,3.54,clear sky
168,Honiara,SB,-9.4333,159.95,30.94,51,98,3.26,overcast clouds
169,Lempaala,FI,61.3167,23.75,13.21,94,100,4.63,overcast clouds
170,Gamba,GA,-2.65,10.0,24.01,89,89,3.05,overcast clouds
171,Port Alfred,ZA,-33.5906,26.891,17.21,87,98,5.48,overcast clouds
172,Nouadhibou,MR,20.931,-17.0347,26.91,52,34,8.48,scattered clouds
173,Kourou,GF,5.1552,-52.6478,27.03,84,12,4.06,few clouds
174,Portland,US,45.5234,-122.6762,25.55,63,20,2.06,few clouds
175,Kununurra,AU,-15.7667,128.7333,29.99,58,40,1.54,scattered clouds
176,Faanui,PF,-16.4833,-151.75,25.81,73,26,11.28,scattered clouds
177,Damghan,IR,36.1683,54.348,19.2,29,0,0.53,clear sky
178,Alcains,PT,39.9164,-7.4566,16.96,42,0,1.92,clear sky
179,Baruun-Urt,MN,46.6806,113.2792,-1.26,40,28,3.34,scattered clouds
180,Cidreira,BR,-30.1811,-50.2056,17.53,79,78,9.66,broken clouds
181,Loucovice,CZ,48.6202,14.2575,13.58,76,94,1.73,overcast clouds
182,Bima,ID,-8.4667,118.7167,28.42,74,83,2.13,broken clouds
183,Dargaville,NZ,-35.9333,173.8833,11.7,56,97,7.71,overcast clouds
184,Hirara,JP,24.8,125.2833,26.82,79,37,7.99,scattered clouds
185,Kyra,RU,49.5776,111.9753,-3.23,66,22,1.22,few clouds
186,Biak,ID,-0.9131,122.8766,27.05,73,100,0.38,light rain
187,Rio Grande,BR,-32.035,-52.0986,18.06,83,79,7.31,broken clouds
188,Bairiki,KI,1.3292,172.9752,27.78,69,83,5.9,broken clouds
189,Bredasdorp,ZA,-34.5322,20.0403,9.92,92,1,3.18,clear sky
190,Samarai,PG,-10.6167,150.6667,27.64,80,68,4.38,broken clouds
191,Mahebourg,MU,-20.4081,57.7,22.16,78,75,3.6,broken clouds
192,Pisco,PE,-13.7,-76.2167,17.03,72,0,5.66,clear sky
193,Port Elizabeth,ZA,-33.918,25.5701,15.17,85,40,4.63,scattered clouds
194,Carballo,ES,43.213,-8.691,17.09,90,100,4.62,overcast clouds
195,Sao Jose Da Coroa Grande,BR,-8.8978,-35.1478,24.56,88,19,3.73,few clouds
196,Kloulklubed,PW,7.0419,134.2556,29.28,73,85,4.08,overcast clouds
197,Port Hedland,AU,-20.3167,118.5667,23.03,78,2,1.54,clear sky
198,Magadan,RU,59.5667,150.8,-2.48,56,97,2.25,overcast clouds
199,Mogadishu,SO,2.0371,45.3438,25.06,88,53,5.87,broken clouds
200,Benjamin Constant,BR,-4.3831,-70.0311,27.11,70,76,1.26,broken clouds
201,Stratford-Upon-Avon,GB,52.1917,-1.7073,10.68,83,0,6.09,clear sky
202,Casalpusterlengo,IT,45.1769,9.6491,16.96,89,49,1.48,scattered clouds
203,Barcelona,ES,41.3888,2.159,21.41,83,40,3.09,scattered clouds
204,Batemans Bay,AU,-35.7167,150.1833,14.5,96,100,5.73,light rain
205,Zhuanghe,CN,39.7008,122.9911,9.2,46,97,2.73,overcast clouds
206,Poya,NC,-21.35,165.15,25.55,49,89,2.75,overcast clouds
207,Namatanai,PG,-3.6667,152.4333,29.29,69,95,3.53,light rain
208,Okhotsk,RU,59.3833,143.3,-0.02,48,100,6.0,overcast clouds
209,Talnakh,RU,69.4865,88.3972,-4.08,96,95,1.23,overcast clouds
210,Sorland,NO,67.667,12.6934,8.92,86,100,9.73,light rain
211,Lavrentiya,RU,65.5833,-171.0,3.72,92,100,13.96,light rain
212,Vila Velha,BR,-20.3297,-40.2925,22.22,92,88,2.58,overcast clouds
213,Mezen,RU,65.8522,44.24,7.02,93,100,1.86,overcast clouds
214,Marrakesh,MA,31.6315,-8.0083,24.04,46,60,2.57,broken clouds
215,Pacific Grove,US,36.6177,-121.9166,26.88,86,75,3.58,broken clouds
216,Huilong,CN,31.8111,121.655,17.18,80,100,5.57,moderate rain
217,La Ciotat,FR,43.1748,5.6045,21.01,87,2,1.53,clear sky
218,Fairview,US,40.8126,-73.999,15.34,90,0,5.14,clear sky
219,Vasto,IT,42.1243,14.7059,18.16,63,100,1.27,overcast clouds
220,Henties Bay,NA,-22.116,14.2845,12.23,94,16,3.62,few clouds
221,Neepawa,CA,50.2289,-99.4664,5.96,62,90,9.1,overcast clouds
222,Bandarbeyla,SO,9.4942,50.8122,24.76,86,72,10.27,broken clouds
223,Lagos,NG,6.5833,3.75,25.18,92,60,1.78,light rain
224,Afonso Claudio,BR,-20.0742,-41.1239,20.81,95,40,1.76,scattered clouds
225,Torbay,CA,47.6666,-52.7314,11.82,83,0,6.69,clear sky
226,Caxito,AO,-8.5785,13.6643,23.99,81,72,1.73,broken clouds
227,Srikakulam,IN,18.3,83.9,25.84,89,100,2.85,overcast clouds
228,Pangnirtung,CA,66.1451,-65.7125,-0.57,94,100,1.59,light snow
229,Coquimbo,CL,-29.9533,-71.3436,12.83,88,15,3.36,few clouds
230,Manggar,ID,-2.8833,108.2667,26.98,81,77,2.08,broken clouds
231,Waipawa,NZ,-41.4122,175.5153,4.3,76,91,9.44,overcast clouds
232,The Valley,AI,18.217,-63.0578,27.83,74,38,8.81,scattered clouds
233,San Carlos De Bariloche,AR,-41.1456,-71.3082,5.57,86,93,5.5,overcast clouds
234,Gallup,US,35.5281,-108.7426,16.91,55,0,6.69,clear sky
235,Ekhabi,RU,53.5102,142.9671,2.42,66,90,9.13,overcast clouds
236,Yuza,JP,39.0,139.9167,14.18,57,97,2.63,overcast clouds
237,Vodnyy,RU,63.5046,53.4095,5.7,95,100,2.39,light rain
238,Lasa,IT,46.6166,10.7002,9.09,77,64,1.23,broken clouds
239,Prado,BR,-17.3411,-39.2208,24.3,82,68,4.61,broken clouds
240,Novichikha,RU,52.204,81.3877,4.95,66,92,3.87,overcast clouds
241,Sekoma,BW,-24.4,23.8833,24.16,25,19,8.05,few clouds
242,Kenai,US,60.5544,-151.2583,13.35,66,75,6.69,light rain
243,Vagamo,NO,61.8751,9.0967,4.21,89,40,2.22,scattered clouds
244,Yarada,IN,17.65,83.2667,26.18,100,100,2.06,overcast clouds
245,Savyntsi,UA,49.4026,37.0627,7.53,84,64,2.84,broken clouds
246,Yumen,CN,40.2833,97.2,4.93,54,3,1.35,clear sky
247,Broome,US,42.2506,-75.833,13.41,77,17,1.58,few clouds
248,Mount Gambier,AU,-37.8333,140.7667,14.95,94,100,7.2,overcast clouds
249,Ponta Do Sol,PT,32.6667,-17.1,20.4,80,82,2.49,broken clouds
250,Constitucion,CL,-35.3333,-72.4167,10.1,89,36,3.42,scattered clouds
251,Maldonado,UY,-34.6667,-54.9167,15.13,85,66,4.29,broken clouds
252,Victoria,HK,22.2855,114.1577,30.1,78,54,4.02,broken clouds
253,Itarema,BR,-2.9248,-39.9167,25.88,84,22,7.43,few clouds
254,Inyonga,TZ,-6.7167,32.0667,19.02,33,92,1.82,overcast clouds
255,San Felipe,VE,10.3399,-68.7425,23.08,97,98,1.07,overcast clouds
256,Birin,NP,26.8865,88.0718,15.16,94,98,1.06,overcast clouds
257,Abu Dhabi,AE,24.4667,54.3667,31.01,83,20,1.54,few clouds
258,Ust-Tsilma,RU,65.441,52.1498,6.55,95,100,2.6,overcast clouds
259,Belmonte,BR,-15.8631,-38.8828,23.59,85,10,3.47,clear sky
260,Severnyy,RU,50.677,36.5532,8.02,87,0,3.0,clear sky
261,Ziniare,BF,12.5822,-1.2983,25.55,69,77,1.61,broken clouds
262,Byron Bay,AU,-28.65,153.6167,17.98,87,100,1.2,light rain
263,San Quintin,MX,30.4833,-115.95,21.44,77,35,4.1,scattered clouds
264,Belogorsk,RU,50.9158,128.4611,1.88,43,23,4.42,few clouds
265,Geraldton,AU,-28.7667,114.6,14.23,67,40,3.6,scattered clouds
266,San Cristobal,VE,7.7669,-72.225,20.06,96,100,0.75,overcast clouds
267,Emba,KZ,48.8264,58.1442,9.8,19,99,3.93,overcast clouds
268,Charcas,MX,23.1333,-101.1167,17.0,72,99,5.88,overcast clouds
269,Svetlogorsk,BY,52.6333,29.7333,8.64,93,100,3.33,overcast clouds
270,Cayenne,GF,4.9333,-52.3333,26.02,83,20,1.54,few clouds
271,Przhevalskoye,RU,55.5093,31.8482,8.4,98,100,2.64,overcast clouds
272,Isangel,VU,-19.55,169.2667,27.06,78,75,4.12,broken clouds
273,Havre-Saint-Pierre,CA,50.2334,-63.5986,9.89,84,84,1.54,broken clouds
274,Kieta,PG,-6.2167,155.6333,28.63,73,76,4.41,light rain
275,Cockburn Town,TC,21.4612,-71.1419,28.6,75,68,4.85,broken clouds
276,Chegdomyn,RU,51.1167,133.0167,-0.14,53,59,3.53,broken clouds
277,Conde,BR,-7.2597,-34.9075,23.6,89,3,3.89,clear sky
278,Airai,TL,-8.9266,125.4092,20.19,67,95,1.4,overcast clouds
279,Poum,NC,-20.2333,164.0167,23.87,58,81,3.88,broken clouds
280,Huarmey,PE,-10.0681,-78.1522,16.53,81,3,5.17,clear sky
281,Half Moon Bay,US,37.4636,-122.4286,30.88,67,0,7.2,clear sky
282,Hamilton,US,39.1834,-84.5333,18.91,56,41,1.19,scattered clouds
283,Nhulunbuy,AU,-12.2333,136.7667,31.34,58,20,5.66,few clouds
284,Wewak,PG,-3.5534,143.6268,27.89,80,100,2.81,overcast clouds
285,Bukachacha,RU,52.9833,116.9167,-2.68,51,8,0.97,clear sky
286,Coahuayana,MX,18.7333,-103.6833,27.48,83,29,1.47,scattered clouds
287,Jieshou,CN,33.2634,115.3611,9.6,95,100,3.06,overcast clouds
288,Dukat,RU,62.55,155.55,-10.89,87,100,5.28,light snow
289,Jasper,US,37.2001,-94.3502,26.04,40,75,4.12,broken clouds
290,West Wendover,US,40.7391,-114.0733,23.56,23,0,3.09,clear sky
291,Leningradskiy,RU,69.3833,178.4167,-0.7,87,100,3.7,overcast clouds
292,San Patricio,US,28.017,-97.5169,28.08,47,44,5.44,scattered clouds
293,Talara,PE,-4.5772,-81.2719,18.42,77,0,7.72,clear sky
294,Saint-Joseph,RE,-21.3667,55.6167,19.21,76,29,5.1,scattered clouds
295,East London,ZA,-33.0153,27.9116,18.15,83,100,3.28,overcast clouds
296,Sao Felix Do Xingu,BR,-6.6447,-51.995,31.07,31,85,0.9,overcast clouds
297,Tres Picos,MX,15.8667,-93.5333,27.49,78,74,1.72,broken clouds
298,Korla,CN,41.7597,86.1469,10.78,38,0,0.51,clear sky
299,Chunoyar,RU,57.4467,97.3217,0.17,97,99,3.54,overcast clouds
300,Walvis Bay,NA,-22.9575,14.5053,11.85,93,4,4.53,clear sky
301,Kargil,IN,34.5667,76.1,5.09,62,0,2.22,clear sky
302,Teknaf,BD,20.8624,92.3058,25.06,89,74,1.56,broken clouds
303,Carnarvon,AU,-24.8667,113.6333,17.21,53,17,11.32,few clouds
304,General Bravo,MX,25.8,-99.1667,30.62,31,72,4.44,broken clouds
305,Semily,CZ,50.6019,15.3355,13.11,93,95,1.32,overcast clouds
306,Barentu,ER,15.1139,37.5928,24.0,37,67,0.72,broken clouds
307,Saldanha,ZA,-33.0117,17.9442,13.5,78,5,1.83,clear sky
308,Kendari,ID,-3.945,122.4989,26.26,88,100,1.04,overcast clouds
309,Tukrah,LY,32.5341,20.5791,22.24,67,0,6.83,clear sky
310,Ranong,TH,9.9658,98.6348,25.49,90,100,2.03,light rain
311,Vesoul,FR,47.5833,5.8333,11.45,91,0,2.53,clear sky
312,Matara,LK,5.9485,80.5353,24.85,89,100,5.47,overcast clouds
313,La Macarena,CO,2.1837,-73.7849,25.18,84,88,1.43,overcast clouds
314,Talcahuano,CL,-36.7167,-73.1167,11.82,82,75,1.54,broken clouds
315,Kruisfontein,ZA,-34.0033,24.7314,11.05,88,63,2.4,broken clouds
316,Ozu,JP,33.5,132.55,20.46,79,99,2.58,light rain
317,West Bay,KY,19.3667,-81.4167,29.04,75,75,3.09,broken clouds
318,Thurso,GB,58.5927,-3.5259,11.03,80,95,10.94,overcast clouds
319,Swan Hill,AU,-35.3378,143.5544,18.03,81,100,5.92,overcast clouds
320,Radhanpur,IN,23.8333,71.6,27.99,66,41,4.39,scattered clouds
321,Thongwa,MM,16.7619,96.5278,26.09,92,73,1.76,broken clouds
322,Klyuchi,RU,52.2667,79.1667,7.42,83,93,3.49,overcast clouds
323,Ouro Preto Do Oeste,BR,-10.7481,-62.2158,29.57,49,65,1.39,broken clouds
324,Maraba,BR,-5.3686,-49.1178,30.22,40,62,0.51,broken clouds
325,Uong Bi,VN,21.0333,106.7833,25.99,86,7,1.33,clear sky
326,Monte Azul,BR,-15.155,-42.8747,25.1,45,14,2.71,few clouds
327,Wajima,JP,37.4,136.9,16.04,65,100,5.36,light rain
328,Ujjain,IN,23.1833,75.7667,22.92,92,100,2.49,overcast clouds
329,Severodvinsk,RU,64.5635,39.8302,9.06,96,94,2.86,overcast clouds
330,Tazovskiy,RU,67.4667,78.7,0.46,86,100,2.18,overcast clouds
331,Ahipara,NZ,-35.1667,173.1667,11.61,63,98,8.13,overcast clouds
332,Marsa Matruh,EG,31.3525,27.2453,22.06,60,0,7.15,clear sky
333,Havoysund,NO,70.9963,24.6622,7.13,87,99,7.87,overcast clouds
334,Alekseyevsk,RU,57.8406,108.3492,-3.1,73,70,1.45,broken clouds
335,Petropavlovsk-Kamchatskiy,RU,53.0452,158.6483,8.33,46,75,4.0,broken clouds
336,Muros,ES,42.7762,-9.0603,18.94,82,99,6.61,overcast clouds
337,San Isidro,PE,-12.1167,-77.05,17.79,76,100,6.17,overcast clouds
338,Nizhneudinsk,RU,54.9076,99.0276,-0.48,90,100,2.54,overcast clouds
339,Daru,PG,-9.0763,143.2092,27.69,86,82,7.29,broken clouds
340,Port-Gentil,GA,-0.7193,8.7815,25.25,83,59,5.74,broken clouds
341,Atar,MR,20.5169,-13.0499,33.73,15,32,5.57,scattered clouds
342,Zvishavane,ZW,-20.3267,30.0665,20.41,39,0,1.12,clear sky
343,Homer,US,59.6425,-151.5483,13.94,67,75,2.57,broken clouds
344,Ardabil,IR,38.2498,48.2933,15.35,56,0,0.74,clear sky
345,Owando,CG,-0.4819,15.8999,21.79,95,95,0.79,light rain
346,La Gomera,GT,14.0833,-91.05,28.84,88,81,2.13,broken clouds
347,Tarbes,FR,43.25,0.1667,16.26,88,100,2.06,overcast clouds
348,Creemore,CA,44.327,-80.1075,16.7,73,36,2.04,scattered clouds
349,Zarubino,RU,42.63,131.0922,7.59,49,1,3.11,clear sky
350,Katobu,ID,-4.9408,122.5276,27.07,81,100,1.03,overcast clouds
351,Ancud,CL,-41.8697,-73.8203,9.59,95,100,12.22,moderate rain
352,Bereda,ES,43.2686,-7.5406,15.79,100,100,3.31,overcast clouds
353,Aklavik,CA,68.2191,-135.0107,1.5,87,100,7.41,overcast clouds
354,Caldas Da Rainha,PT,39.4033,-9.1384,17.04,93,4,3.13,clear sky
355,Turka,UA,49.1541,23.0297,9.33,84,100,3.85,overcast clouds
356,Nishihara,JP,26.1842,127.7558,27.6,74,40,5.66,scattered clouds
357,Sao Sebastiao,BR,-23.76,-45.4097,20.11,95,91,3.78,overcast clouds
358,Sakakah,SA,29.9697,40.2064,26.14,18,15,2.7,few clouds
359,Mehriz,IR,31.5917,54.4318,17.28,21,0,0.95,clear sky
360,Concepcion De Buenos Aires,MX,19.9667,-103.2667,14.99,90,64,0.5,broken clouds
361,Serenje,ZM,-13.2325,30.2352,18.29,33,13,2.8,few clouds
362,Sola,VU,-13.8833,167.55,26.97,76,60,6.32,broken clouds
363,Kotelnikovo,RU,47.6317,43.1461,10.83,68,18,3.14,few clouds
364,Bilibino,RU,68.0546,166.4372,-4.3,86,100,2.1,overcast clouds
365,Leesburg,US,39.1157,-77.5636,17.67,83,100,2.68,overcast clouds
366,Hobyo,SO,5.3505,48.5268,24.91,87,54,7.12,broken clouds
367,Bonthe,SL,7.5264,-12.505,24.91,90,100,1.33,moderate rain
368,Ilorin,NG,8.5,4.55,22.96,90,100,1.11,moderate rain
369,Cherskiy,RU,68.75,161.3,-2.38,95,100,4.57,snow
370,Lypova Dolyna,UA,50.5643,33.7979,8.63,91,100,3.01,overcast clouds
371,Praia,CV,14.9215,-23.5087,26.94,82,24,3.42,few clouds
372,Bridlington,GB,54.0831,-0.1919,10.16,73,25,10.23,scattered clouds
373,Richards Bay,ZA,-28.783,32.0377,21.12,93,45,3.9,scattered clouds
374,Warrington,GB,53.3925,-2.5802,11.92,84,0,6.17,clear sky
375,Calama,CL,-22.4667,-68.9333,13.27,7,0,5.14,clear sky
376,Shingu,JP,33.7333,135.9833,19.53,68,98,2.14,overcast clouds
377,Meadow Lake,US,34.8014,-106.5436,14.71,90,99,3.36,light rain
378,Sur,OM,22.5667,59.5289,27.47,57,0,3.32,clear sky
379,Batticaloa,LK,7.7102,81.6924,25.7,79,99,1.54,overcast clouds
380,Ozerki,RU,57.6167,39.8833,6.01,93,100,3.0,overcast clouds
381,Awjilah,LY,29.1081,21.2869,23.44,44,7,4.92,clear sky
382,Ketchikan,US,55.3422,-131.6461,14.26,100,100,6.17,light rain
383,Eureka,US,40.8021,-124.1637,18.44,78,23,0.89,few clouds
384,Port Moresby,PG,-9.4431,147.1797,29.27,68,65,2.4,broken clouds
385,Chumikan,RU,54.7183,135.315,0.9,57,33,9.16,scattered clouds
386,Pallasovka,RU,50.05,46.8833,11.03,69,86,3.45,overcast clouds
387,Tezu,IN,27.9167,96.1667,22.64,98,100,1.34,overcast clouds
388,Palapye,BW,-22.546,27.1251,21.34,40,0,3.26,clear sky
389,Riyadh,SA,24.6877,46.7219,26.31,15,0,1.61,clear sky
390,Usinsk,RU,65.9939,57.5281,5.33,90,100,4.35,overcast clouds
391,Kanniyakumari,IN,8.0833,77.5667,25.45,83,100,6.99,overcast clouds
392,Kralendijk,BQ,12.15,-68.2667,27.99,83,0,3.09,clear sky
393,Maningrida,AU,-12.0667,134.2667,30.3,56,76,3.83,broken clouds
394,Cristalina,BR,-16.7686,-47.6136,19.14,74,81,1.42,broken clouds
395,Malkangiri,IN,18.35,81.9,23.29,94,100,1.19,overcast clouds
396,Carutapera,BR,-1.195,-46.02,26.41,79,8,4.61,clear sky
397,Russell,US,32.3502,-85.1999,23.78,72,0,0.0,clear sky
398,Lucapa,AO,-8.4192,20.7447,19.57,89,100,0.98,overcast clouds
399,Jiuquan,CN,39.7432,98.5174,5.02,38,0,0.72,clear sky
400,Sembe,CG,1.6481,14.5806,20.65,98,81,1.04,broken clouds
401,Nsukka,NG,6.8561,7.3927,20.74,97,98,1.42,light rain
402,Menongue,AO,-14.6585,17.691,18.58,23,65,2.31,broken clouds
403,Belaya Gora,RU,68.5333,146.4167,-6.33,87,99,5.93,light snow
404,Makakilo City,US,21.3469,-158.0858,29.2,61,75,4.12,broken clouds
405,Khalkhal,IR,37.6189,48.5258,12.51,48,0,1.42,clear sky
406,Laguna,US,38.421,-121.4238,34.05,33,0,3.6,clear sky
407,Santarem,BR,-2.4431,-54.7083,29.82,45,56,1.22,broken clouds
408,Aleksin,RU,54.51,37.08,8.46,96,100,3.56,overcast clouds
409,Pitimbu,BR,-7.4706,-34.8086,25.14,85,7,4.65,clear sky
410,Grand-Santi,GF,4.25,-54.3833,27.53,61,37,2.62,scattered clouds
411,Gladstone,AU,-23.85,151.25,23.96,57,40,5.66,scattered clouds
412,Mount Prospect,US,42.0664,-87.9373,21.62,45,0,1.54,clear sky
413,Rio Gallegos,AR,-51.6226,-69.2181,8.8,53,98,4.67,overcast clouds
414,Villers-Le-Bouillet,BE,50.5771,5.2595,13.8,82,20,6.17,few clouds
415,Abengourou,CI,6.7297,-3.4964,21.27,99,93,0.79,overcast clouds
416,Beyneu,KZ,45.3167,55.2,12.16,40,68,5.77,broken clouds
417,Mahibadhoo,MV,3.7833,72.9667,27.15,78,100,8.33,overcast clouds
418,Kamenka,RU,51.3223,42.7678,8.11,85,85,4.97,overcast clouds
419,Komsomolskiy,UZ,40.4272,71.7189,11.4,37,73,3.09,broken clouds
420,Wanning,CN,18.8003,110.3967,26.99,86,37,3.44,scattered clouds
421,Prescott,US,34.54,-112.4685,25.67,30,20,5.14,few clouds
422,Yulara,AU,-25.2406,130.9889,24.97,19,0,1.7,clear sky
423,Payakumbuh,ID,-0.2202,100.6308,22.3,90,100,0.94,overcast clouds
424,Guane,CU,22.2025,-84.0875,24.78,70,49,1.19,scattered clouds
425,Neyshabur,IR,36.2133,58.7958,14.52,20,0,0.96,clear sky
426,Farah,AF,32.5,62.5,15.94,19,0,1.92,clear sky
427,Lagoa,PT,39.05,-27.9833,20.6,84,100,7.35,light rain
428,Puerto Quijarro,BO,-17.7833,-57.7667,28.98,50,44,1.56,scattered clouds
429,Buzmeyin,TM,38.0507,58.2056,17.07,15,0,2.88,clear sky
430,Sechura,PE,-5.5569,-80.8222,17.78,76,10,8.47,clear sky
431,Sistranda,NO,63.7256,8.834,10.98,78,30,14.06,light rain
432,Kampot,KH,10.6167,104.1833,26.03,90,100,2.81,overcast clouds
433,Nador,MA,35.174,-2.9287,21.14,94,0,2.06,clear sky
434,Ossora,RU,59.2353,163.0719,5.47,57,8,14.54,clear sky
435,Charters Towers,AU,-20.1,146.2667,26.42,52,1,5.19,clear sky
436,Labytnangi,RU,66.6572,66.4183,2.83,94,100,2.42,light rain
437,Sharjah,AE,25.3573,55.4033,28.99,83,20,2.57,haze
438,Trelew,AR,-43.249,-65.3051,21.3,18,41,10.06,scattered clouds
439,Kem,RU,64.9555,34.5793,7.14,92,64,4.54,broken clouds
440,Egvekinot,RU,66.3167,-179.1667,1.78,99,100,5.98,snow
441,Atasu,KZ,48.6814,71.6433,6.76,41,13,2.7,few clouds
442,Lata,PT,40.1629,-8.3327,14.4,84,33,0.9,scattered clouds
443,Baykit,RU,61.67,96.37,-1.94,98,99,1.49,overcast clouds
444,Pontiac,US,42.6389,-83.2911,19.95,58,75,0.0,broken clouds
445,Maketu,NZ,-37.7667,176.45,15.01,58,37,4.54,scattered clouds
446,Tarauaca,BR,-8.1614,-70.7656,26.73,66,33,0.87,scattered clouds
447,Conceicao Da Barra,BR,-18.5933,-39.7322,23.79,85,82,2.67,broken clouds
448,Emirdag,TR,39.0197,31.15,10.24,81,81,1.72,broken clouds
449,Dongsheng,CN,39.8161,109.9776,5.08,33,67,3.02,broken clouds
450,Adrar,MR,20.5022,-10.0711,32.88,14,3,7.25,clear sky
451,Slupsk,PL,54.4641,17.0287,12.47,72,18,6.05,few clouds
452,Izazi,TZ,-7.2,35.7333,20.95,51,16,1.58,few clouds
453,Coatzintla,MX,20.4833,-97.45,22.32,94,100,0.0,light intensity drizzle
454,Union,US,40.6334,-74.2663,15.93,94,75,2.06,broken clouds
455,College,US,64.8569,-147.8028,8.1,69,40,0.0,scattered clouds
456,Serebryansk,KZ,49.6925,83.2892,2.83,59,43,2.03,scattered clouds
457,Ayan,RU,56.45,138.1667,0.94,48,89,8.37,overcast clouds
458,Gerede,TR,40.8008,32.1969,6.17,96,99,0.74,overcast clouds
459,Touros,BR,-5.1989,-35.4608,25.19,85,0,5.45,clear sky
460,Port Shepstone,ZA,-30.7414,30.455,20.07,93,61,4.73,broken clouds
461,Nurota,UZ,40.5614,65.6886,8.8,33,0,4.01,clear sky
462,Berlevag,NO,70.8578,29.0864,5.97,75,100,4.12,overcast clouds
463,Coihaique,CL,-45.5752,-72.0662,3.61,99,85,2.81,moderate rain
464,Jacareacanga,BR,-6.2222,-57.7528,27.86,53,81,1.06,broken clouds
465,Tabou,CI,4.423,-7.3528,24.31,92,96,2.41,overcast clouds
466,Garden City,US,42.3256,-83.331,20.53,54,75,0.0,broken clouds
467,Slave Lake,CA,55.2834,-114.769,10.3,56,99,3.34,overcast clouds
468,Rio Tercero,AR,-32.173,-64.1141,12.11,86,100,3.59,light rain
469,Beppu,JP,33.2736,131.4919,20.27,83,100,0.66,heavy intensity rain
470,Asfi,MA,32.2994,-9.2372,20.1,84,52,4.37,broken clouds
471,Santa Maria,BR,-29.6842,-53.8069,16.95,88,100,3.61,heavy intensity rain
472,Dingle,PH,10.9995,122.6711,27.74,82,100,3.03,overcast clouds
473,Ostersund,SE,63.1792,14.6357,8.25,93,75,6.17,light rain
474,Broken Hill,AU,-31.95,141.4333,23.96,30,0,4.63,clear sky
475,Betafo,MG,-19.8333,46.85,13.22,41,0,2.04,clear sky
476,Narrabri,AU,-30.3167,149.7833,15.85,87,100,0.89,overcast clouds
477,Pecsvarad,HU,46.1603,18.4232,11.88,69,99,2.05,overcast clouds
478,Male,MV,4.1748,73.5089,27.34,78,98,8.49,overcast clouds
479,Locri,IT,38.2414,16.2623,17.03,61,7,2.11,clear sky
480,Guerrero Negro,MX,27.9769,-114.0611,22.98,68,2,5.07,clear sky
481,Sozimskiy,RU,59.7418,52.2482,5.56,89,98,2.65,overcast clouds
482,Tautira,PF,-17.7333,-149.15,24.79,71,29,10.86,scattered clouds
483,Emet,TR,39.343,29.2585,6.82,93,0,2.49,clear sky
484,Aden,YE,12.7794,45.0367,30.03,70,85,0.17,overcast clouds
485,Mecca,SA,21.4267,39.8261,28.68,33,0,2.48,clear sky
486,Anekal,IN,12.7,77.7,20.73,90,100,2.39,overcast clouds
487,Uddevalla,SE,58.3478,11.9424,13.2,96,100,3.58,light rain
488,Bainbridge,US,47.6262,-122.5212,20.44,78,40,0.89,scattered clouds
489,Pierre,US,44.3683,-100.351,22.51,64,0,0.89,clear sky
490,Qaqortoq,GL,60.7167,-46.0333,2.57,85,90,8.04,overcast clouds
491,Abonnema,NG,4.7084,6.7931,23.99,93,94,2.43,moderate rain
492,La Ronge,CA,55.1001,-105.2842,4.14,48,0,3.6,clear sky
493,Brewster,US,41.3973,-73.6171,15.79,96,100,1.66,overcast clouds
494,Abay,KZ,49.6311,72.8539,-3.79,66,23,1.61,few clouds
495,Rincon,US,32.296,-81.2354,19.92,67,20,3.09,few clouds
496,Kanye,BW,-24.9667,25.3327,20.82,37,1,5.35,clear sky
497,Port Augusta,AU,-32.5,137.7667,23.55,41,0,4.13,clear sky
498,Monrovia,LR,6.3005,-10.7969,23.87,86,91,1.87,light rain
499,Lianzhou,CN,24.7811,112.3825,19.52,74,41,2.01,scattered clouds
500,Rantepao,ID,-2.9701,119.8978,22.05,92,100,0.6,overcast clouds
501,Nemuro,JP,43.3236,145.575,11.06,64,100,7.19,overcast clouds
502,Wonosari,ID,-7.9656,110.6036,24.11,85,100,4.47,overcast clouds
503,Deloraine,AU,-41.5333,146.6667,12.86,63,100,0.89,light rain
504,Pontes E Lacerda,BR,-15.2261,-59.3353,27.55,55,47,1.78,scattered clouds
505,Namtsy,RU,62.7161,129.6658,-3.13,81,94,3.4,overcast clouds
506,Bondoukou,CI,8.0333,-2.8,21.5,98,63,1.91,light rain
507,Santa Cruz,BO,-17.8,-63.1667,27.7,69,75,6.17,broken clouds
508,Chilca,PE,-12.5211,-76.7372,15.42,86,65,3.59,broken clouds
509,Praya,CV,14.9215,-23.5087,26.94,82,24,3.42,few clouds
510,Bani Walid,LY,31.7566,13.9942,19.84,72,0,3.58,clear sky
511,Kirovsk,UA,48.6375,38.6428,7.12,81,40,2.7,scattered clouds
512,Karratha,AU,-20.7377,116.8463,25.65,36,6,6.82,clear sky
513,Okakarara,NA,-20.5833,17.4333,19.55,16,48,1.81,scattered clouds
514,Cochabamba,BO,-17.3895,-66.1568,19.86,34,40,3.09,scattered clouds
515,Hambantota,LK,6.1241,81.1185,25.64,82,100,7.46,overcast clouds
516,Mafinga,TZ,-7.25,35.0667,20.26,48,21,2.31,few clouds
517,Luganville,VU,-15.5333,167.1667,26.94,81,71,5.65,broken clouds
518,Te Anau,NZ,-45.4167,167.7167,4.72,77,95,1.09,overcast clouds
519,Halifax,CA,44.6453,-63.5724,15.25,91,100,2.68,overcast clouds
520,Maceio,BR,-9.6658,-35.7353,25.14,85,37,4.77,scattered clouds
521,Cap Malheureux,MU,-19.9842,57.6142,19.7,76,81,1.34,broken clouds
522,Aksarka,RU,66.5606,67.7975,2.78,83,98,4.51,overcast clouds
523,Sarakhs,IR,36.5449,61.1577,11.35,17,0,1.2,clear sky
524,Arawa,PG,-6.2132,155.5367,28.72,76,72,3.42,light rain
525,Manokwari,ID,-0.8667,134.0833,28.34,66,99,1.89,overcast clouds
526,Codrington,AU,-38.2667,141.9667,15.63,85,99,5.59,overcast clouds
527,Denpasar,ID,-8.65,115.2167,25.4,94,40,2.06,scattered clouds
528,Buraydah,SA,26.326,43.975,25.27,17,0,2.45,clear sky
529,Taft,IR,31.7471,54.2088,16.97,20,0,1.03,clear sky
530,Seara,PT,41.1818,-7.8003,18.31,47,63,1.28,broken clouds
531,Arandis,NA,-22.4167,14.9667,12.62,67,2,1.3,clear sky
532,Oron,NG,4.8256,8.2343,23.45,94,98,1.2,moderate rain
533,Akyab,MM,20.15,92.9,25.63,88,30,2.19,scattered clouds
534,Arlit,NE,18.7369,7.3853,32.17,17,7,5.19,clear sky
535,Lobva,RU,59.1854,60.5185,5.97,66,100,2.51,overcast clouds
536,Say,NE,13.1007,2.3689,29.32,55,29,3.4,scattered clouds
537,Panama City,PA,8.9936,-79.5197,27.32,81,100,1.95,overcast clouds
538,Dalvik,IS,65.9702,-18.5286,6.96,97,100,4.76,overcast clouds
539,Nassau,US,40.7507,-73.5829,15.96,89,100,1.79,overcast clouds
540,Mizdah,LY,31.4451,12.9801,16.56,82,0,4.38,clear sky
541,Gizo,SB,-8.103,156.8419,29.04,66,77,3.38,broken clouds
542,Sijunjung,ID,-0.6876,100.9537,23.25,88,99,0.59,overcast clouds
543,Zhangye,CN,38.9342,100.4517,6.92,34,8,2.03,clear sky
544,Takayama,JP,36.1333,137.25,11.75,86,100,2.28,overcast clouds
545,Guna,IN,24.65,77.3167,22.39,95,91,3.97,light rain
546,Hatillo,PR,18.4863,-66.8254,26.17,93,100,6.14,overcast clouds
547,Durazno,UY,-33.4131,-56.5006,15.38,75,76,6.11,broken clouds
548,Sabalgarh,IN,26.25,77.4,23.6,95,79,2.16,broken clouds
549,Mambajao,PH,9.2504,124.7156,28.02,77,95,2.38,overcast clouds
550,Yatou,CN,37.15,122.3833,13.48,52,28,5.98,scattered clouds
551,Puerto Colombia,CO,10.9878,-74.9547,25.05,76,68,3.62,broken clouds
552,Golden,US,39.7555,-105.2211,18.93,47,20,1.54,few clouds
553,Valparaiso,CL,-33.0393,-71.6273,14.15,100,40,2.57,scattered clouds
554,Muisne,EC,0.6,-80.0333,23.91,80,76,3.85,broken clouds
555,Kysyl-Syr,RU,63.8986,122.7617,-2.18,91,100,3.28,light snow
556,Batagay,RU,67.6333,134.6333,-6.9,92,100,1.48,light snow
557,Raymondville,US,26.4815,-97.7831,29.06,55,29,5.51,scattered clouds
558,Kanker,IN,20.2719,81.4931,21.75,96,95,2.27,overcast clouds
559,Kavaratti,IN,10.5669,72.642,27.02,78,78,6.24,broken clouds
560,Tolaga Bay,NZ,-38.3667,178.3,8.93,62,64,6.13,broken clouds
561,Pafos,CY,34.7667,32.4167,19.88,56,20,3.6,few clouds
562,Masuguru,TZ,-11.3667,38.4167,21.13,85,2,1.71,clear sky
563,Johnson City,US,36.3134,-82.3535,14.65,79,0,0.0,clear sky
564,Witbank,ZA,-25.8713,29.2332,18.51,43,0,3.3,clear sky
565,Duku,NG,11.2361,4.9073,23.26,90,100,0.61,light rain
566,Wanaka,NZ,-44.7,169.15,6.17,48,80,2.24,broken clouds
567,Faya,SA,18.3851,42.4509,20.29,31,25,2.62,scattered clouds
568,Itapetinga,BR,-15.2489,-40.2478,22.46,73,23,2.63,few clouds
569,Novyy Urengoy,RU,66.0833,76.6333,-0.26,76,79,1.99,broken clouds
570,Taoudenni,ML,22.6783,-3.9836,34.81,11,2,3.15,clear sky
571,Sept-Iles,CA,50.2001,-66.3821,9.47,92,98,2.06,overcast clouds
572,Marzuq,YE,14.4,46.4667,22.08,56,27,0.23,scattered clouds
573,Hun,LY,29.1268,15.9477,21.16,65,0,3.28,clear sky
574,Hammerfest,NO,70.6634,23.6821,6.25,75,40,2.06,scattered clouds
575,Margate,GB,51.3813,1.3862,11.84,74,4,1.79,clear sky
576,Shimoda,JP,34.6667,138.95,13.39,90,100,8.37,overcast clouds
577,Vestmannaeyjar,IS,63.4427,-20.2734,7.4,70,91,6.03,overcast clouds
578,Punjai Puliyampatti,IN,11.35,77.2,24.58,83,100,1.85,light rain
579,Turtas,RU,58.9417,69.1325,6.75,83,100,1.67,overcast clouds
580,Ouadda,CF,8.0777,22.4007,19.45,92,100,0.38,light rain
581,El Alto,PE,-4.2714,-81.2147,16.81,84,25,7.38,scattered clouds
582,Tateyama,JP,34.9833,139.8667,15.05,94,75,4.63,mist
583,Binga,ZW,-17.6203,27.3414,23.16,37,0,0.82,clear sky
584,Nizwa,OM,22.9333,57.5333,25.39,48,41,0.74,scattered clouds
585,Waverly,US,42.7392,-84.6208,17.84,65,0,0.0,clear sky
586,Guia De Isora,ES,28.2115,-16.7795,22.4,90,88,2.66,overcast clouds
587,Kesinga,IN,20.2,83.2333,23.16,93,81,0.9,broken clouds
588,Mersin,TR,36.862,34.6509,22.1,76,0,1.98,clear sky
589,Bakchar,RU,57.0186,82.0711,3.27,86,100,1.95,overcast clouds
590,Umm Lajj,SA,25.0213,37.2685,29.53,49,0,3.02,clear sky
591,Muriwai Beach,NZ,-36.8167,174.45,12.46,68,91,10.46,overcast clouds
592,Wurzen,DE,51.3667,12.7333,16.46,71,65,6.11,broken clouds
593,Bemidji,US,47.4736,-94.8803,19.05,80,100,5.66,overcast clouds
594,Benguela,AO,-12.5763,13.4055,22.32,81,97,2.99,overcast clouds
595,Mackenzie,CA,55.2999,-123.1698,17.13,51,7,0.66,clear sky
596,Puerto Leguizamo,CO,-0.1934,-74.7819,26.89,68,88,1.22,overcast clouds
597,Teacapan,MX,22.55,-105.75,27.75,75,99,2.86,overcast clouds
598,Okha,RU,53.5739,142.9478,2.49,69,94,9.33,light rain
599,Tulum,MX,20.2167,-87.4667,25.42,64,89,3.81,overcast clouds
600,Guatire,VE,10.4762,-66.5427,26.5,97,93,1.33,light rain
601,Cajati,BR,-24.7361,-48.1228,17.9,98,87,0.6,overcast clouds
602,Uyar,RU,55.81,94.3153,-0.4,91,98,5.61,overcast clouds
603,Mount Isa,AU,-20.7333,139.5,26.87,61,27,5.14,scattered clouds
604,Cilegon,ID,-6.0174,106.0538,26.4,78,73,1.29,light rain
605,Avdiyivka,UA,48.1399,37.7426,8.21,72,54,2.54,broken clouds
606,Acapulco,MX,16.8634,-99.8901,28.9,65,75,3.6,broken clouds
607,Galdar,ES,28.147,-15.6502,22.42,80,99,6.27,overcast clouds
608,Pevek,RU,69.7008,170.3133,-0.48,92,100,4.1,light snow
609,Fukuma,JP,33.7667,130.4667,20.72,75,100,3.14,moderate rain
610,Marsh Harbour,BS,26.5412,-77.0636,26.57,68,48,5.86,scattered clouds
611,Lorsch,DE,49.6547,8.5686,16.23,81,4,1.79,clear sky
612,Pamfila,GR,39.1567,26.5217,17.84,63,20,5.14,few clouds
613,Katima Mulilo,NA,-17.5,24.2667,21.74,26,2,1.99,clear sky
614,Kirksville,US,40.1948,-92.5833,19.47,59,75,1.54,broken clouds
615,Cranendonck,NL,51.2775,5.5837,14.69,87,40,3.6,scattered clouds
616,Arroyohondo,CO,10.2522,-75.0198,25.4,90,100,2.23,overcast clouds
617,Meulaboh,ID,4.1363,96.1285,23.56,91,100,1.83,light rain
618,La Asuncion,VE,11.0333,-63.8628,26.21,86,100,4.64,overcast clouds
619,Shouguang,CN,36.88,118.7375,11.39,50,33,1.3,scattered clouds
620,Tiarei,PF,-17.5333,-149.3333,29.01,73,16,11.82,few clouds
621,Troitskoye,RU,52.9821,84.6757,3.26,95,100,2.71,moderate rain
622,Kimberley,ZA,-28.7323,24.7623,17.83,29,87,2.57,overcast clouds
623,Tyrma,RU,50.0833,132.1667,0.99,47,16,5.16,few clouds
624,Temiscaming,CA,46.7212,-79.0971,16.73,63,57,1.54,broken clouds
625,Hearst,CA,49.6835,-83.6665,11.14,96,99,1.89,overcast clouds
626,Alappuzha,IN,9.49,76.3264,25.0,85,100,2.36,overcast clouds
627,Saint-Pierre,RE,-21.3393,55.4781,19.82,68,0,3.6,clear sky
628,Prince Rupert,CA,54.3161,-130.3201,15.83,85,59,5.66,light rain
629,Hede,CN,33.7681,120.2517,13.31,80,100,2.02,heavy intensity rain
630,Tommot,RU,58.9564,126.2925,-1.01,92,100,5.02,light snow
631,Madingou,CG,-4.1536,13.55,24.06,84,89,1.42,light rain
632,Pochutla,MX,15.7432,-96.4661,28.23,85,41,2.02,scattered clouds
633,Bahia Blanca,AR,-38.7196,-62.2724,14.03,70,100,2.9,overcast clouds
634,Nelson Bay,AU,-32.7167,152.15,18.03,87,100,5.23,overcast clouds
635,Slobodskoy,RU,58.7322,50.1772,6.82,96,100,2.93,overcast clouds
636,Inhambane,MZ,-23.865,35.3833,21.29,92,0,3.38,clear sky
637,Nargana,PA,9.4428,-78.5906,27.25,81,100,2.67,overcast clouds
638,Paamiut,GL,61.994,-49.6678,2.9,83,68,4.07,broken clouds
639,Orbetello,IT,42.4408,11.2196,18.9,79,61,2.13,broken clouds
640,Vanimo,PG,-2.6741,141.3028,27.8,82,100,3.24,overcast clouds
641,Ca Mau,VN,9.1769,105.15,25.4,92,100,2.2,overcast clouds
642,Mugur-Aksy,RU,50.35,90.5,-1.68,84,61,2.79,broken clouds
643,Odweyne,SO,9.4092,45.064,24.35,52,100,4.46,overcast clouds
644,Saint-Prosper,CA,46.2117,-70.4811,11.5,71,3,0.47,clear sky
645,Santa Rosa,PH,14.3122,121.1114,30.05,78,99,4.2,overcast clouds
646,Harper,LR,4.375,-7.7169,24.5,91,99,2.82,overcast clouds
647,Marovoay,MG,-16.1,46.6333,20.44,82,0,1.59,clear sky
648,Luwuk,ID,-0.9516,122.7875,28.37,73,100,0.55,overcast clouds
649,Esso,RU,55.9333,158.7,0.49,79,75,5.27,light snow
